id;start_time;finish_time;duration;source_host;destination_host
p@req-0-2569086820_1@bus_stop_1@bus_stop_15;0.1002;0.110205;0.010005;bus_stop_1;bus_stop_15
p@req-0-4414627711_1@bus_stop_16@bus_stop_1;0.1003;0.110305;0.010005;bus_stop_16;bus_stop_1
p@req-1-11383367761_1@bus_stop_16@bus_stop_1;0.1004;0.110405;0.010005;bus_stop_16;bus_stop_1
p@req-1-2569086797_1@bus_stop_9@bus_stop_0;0.1005;0.110505;0.010005;bus_stop_9;bus_stop_0
p@req-0-581942559_1@bus_stop_2@bus_stop_15;0.1001;0.12011;0.02001;bus_stop_2;bus_stop_15
p@req-1-255596055_1@bus_stop_13@bus_stop_9;0.1007;0.12071;0.02001;bus_stop_13;bus_stop_9
p@req-4-255595599_1@bus_stop_13@bus_stop_9;0.101;0.12101;0.02001;bus_stop_13;bus_stop_9
p@req-12-10915667312_1@bus_stop_14@bus_stop_15;0.1012;0.12121;0.02001;bus_stop_14;bus_stop_15
p@req-12-10915667312_1@bus_stop_14@bus_stop_15;0.1012;0.12121;0.02001;bus_stop_14;bus_stop_15
p@req-1-2570830459_1@bus_stop_0@bus_stop_14;0.1006;0.14062;0.04002;bus_stop_0;bus_stop_14
p@req-1-2570830459_1@bus_stop_0@bus_stop_14;0.1006;0.14062;0.04002;bus_stop_0;bus_stop_14
p@req-1-2570830459_1@bus_stop_16@bus_stop_14;0.1006;0.14062;0.04002;bus_stop_16;bus_stop_14
p@req-3-1432574984_1@bus_stop_2@bus_stop_7;0.1008;0.14082;0.04002;bus_stop_2;bus_stop_7
p@req-4-255595599_1@bus_stop_8@bus_stop_9;0.101;0.14102;0.04002;bus_stop_8;bus_stop_9
p@req-4-11378562273_1@bus_stop_13@bus_stop_1;0.1009;0.160929;0.060029;bus_stop_13;bus_stop_1
p@req-1-11383367761_1@bus_stop_0@bus_stop_1;0.1004;0.170434;0.070034;bus_stop_0;bus_stop_1
p@req-1-11383367761_1@bus_stop_0@bus_stop_1;0.1004;0.170434;0.070034;bus_stop_0;bus_stop_1
p@req-4-255191075_1@bus_stop_15@bus_stop_9;0.1011;0.171134;0.070034;bus_stop_15;bus_stop_9
p@req-4-11378562273_1@bus_stop_9@bus_stop_1;0.1009;0.180939;0.080039;bus_stop_9;bus_stop_1
p@req-4-255595599_1@bus_stop_1@bus_stop_9;0.101;0.181039;0.080039;bus_stop_1;bus_stop_9
p@req-4-255191075_1@bus_stop_1@bus_stop_9;0.1011;0.181139;0.080039;bus_stop_1;bus_stop_9
p@req-9-1371510515_1@bus_stop_10@bus_stop_5;0.2018;0.211805;0.010005;bus_stop_10;bus_stop_5
p@req-9-1371510515_1@bus_stop_10@bus_stop_5;0.2018;0.211805;0.010005;bus_stop_10;bus_stop_5
p@req-11-10915667347_1@bus_stop_15@bus_stop_1;0.2023;0.212305;0.010005;bus_stop_15;bus_stop_1
p@req-13-581942058_1@bus_stop_14@bus_stop_4;0.2027;0.212705;0.010005;bus_stop_14;bus_stop_4
p@req-13-1451034453_1@bus_stop_14@bus_stop_4;0.2028;0.212805;0.010005;bus_stop_14;bus_stop_4
p@req-21-1480037117_1@bus_stop_6@bus_stop_11;0.2033;0.213305;0.010005;bus_stop_6;bus_stop_11
p@req-24-255190828_1@bus_stop_11@bus_stop_6;0.2034;0.213405;0.010005;bus_stop_11;bus_stop_6
p@req-16-2569108697_1@bus_stop_6@bus_stop_8;0.2011;0.22111;0.02001;bus_stop_6;bus_stop_8
p@req-6-12146782_1@bus_stop_9@bus_stop_13;0.2017;0.22171;0.02001;bus_stop_9;bus_stop_13
p@req-11-12146782_1@bus_stop_9@bus_stop_13;0.2022;0.22221;0.02001;bus_stop_9;bus_stop_13
p@req-12-255191448_1@bus_stop_11@bus_stop_14;0.2024;0.22241;0.02001;bus_stop_11;bus_stop_14
p@req-12-255190984_1@bus_stop_15@bus_stop_2;0.2026;0.22261;0.02001;bus_stop_15;bus_stop_2
p@req-13-255191472_1@bus_stop_15@bus_stop_14;0.2029;0.22291;0.02001;bus_stop_15;bus_stop_14
p@req-13-1480037114_1@bus_stop_14@bus_stop_11;0.203;0.22301;0.02001;bus_stop_14;bus_stop_11
p@req-21-2569108697_1@bus_stop_6@bus_stop_8;0.2032;0.22321;0.02001;bus_stop_6;bus_stop_8
p@req-16-2569108697_1@bus_stop_11@bus_stop_8;0.2011;0.231115;0.030015;bus_stop_11;bus_stop_8
p@req-16-255190812_1@bus_stop_11@bus_stop_8;0.2012;0.231215;0.030015;bus_stop_11;bus_stop_8
p@req-16-255190788_1@bus_stop_11@bus_stop_8;0.2031;0.233115;0.030015;bus_stop_11;bus_stop_8
p@req-21-2569108697_1@bus_stop_11@bus_stop_8;0.2032;0.233215;0.030015;bus_stop_11;bus_stop_8
p@req-2-255596094_1@bus_stop_14@bus_stop_0;0.2009;0.24092;0.04002;bus_stop_14;bus_stop_0
p@req-2-255596112_1@bus_stop_14@bus_stop_0;0.201;0.24102;0.04002;bus_stop_14;bus_stop_0
p@req-2-11383382298_1@bus_stop_14@bus_stop_16;0.2013;0.24132;0.04002;bus_stop_14;bus_stop_16
p@req-2-2570830459_1@bus_stop_0@bus_stop_14;0.2014;0.24142;0.04002;bus_stop_0;bus_stop_14
p@req-2-2570830459_1@bus_stop_0@bus_stop_14;0.2014;0.24142;0.04002;bus_stop_0;bus_stop_14
p@req-2-2570830459_1@bus_stop_16@bus_stop_14;0.2014;0.24142;0.04002;bus_stop_16;bus_stop_14
p@req-5-1432574984_1@bus_stop_2@bus_stop_7;0.2015;0.24152;0.04002;bus_stop_2;bus_stop_7
p@req-11-255595834_1@bus_stop_8@bus_stop_9;0.2021;0.24212;0.04002;bus_stop_8;bus_stop_9
p@req-16-255190788_1@bus_stop_4@bus_stop_8;0.2031;0.24312;0.04002;bus_stop_4;bus_stop_8
p@req-12-1451034444_1@bus_stop_14@bus_stop_12;0.2025;0.252525;0.050025;bus_stop_14;bus_stop_12
p@req-13-255191472_1@bus_stop_12@bus_stop_14;0.2029;0.252925;0.050025;bus_stop_12;bus_stop_14
p@req-6-10915667367_1@bus_stop_13@bus_stop_1;0.2016;0.261629;0.060029;bus_stop_13;bus_stop_1
p@req-6-10915667367_1@bus_stop_13@bus_stop_1;0.2016;0.261629;0.060029;bus_stop_13;bus_stop_1
p@req-6-10915667367_1@bus_stop_13@bus_stop_1;0.2016;0.261629;0.060029;bus_stop_13;bus_stop_1
p@req-2-255596094_1@bus_stop_1@bus_stop_0;0.2009;0.270934;0.070034;bus_stop_1;bus_stop_0
p@req-12-1451034444_1@bus_stop_2@bus_stop_12;0.2025;0.272534;0.070034;bus_stop_2;bus_stop_12
p@req-2-255596112_1@bus_stop_16@bus_stop_0;0.201;0.281039;0.080039;bus_stop_16;bus_stop_0
p@req-2-11383382298_1@bus_stop_0@bus_stop_16;0.2013;0.281339;0.080039;bus_stop_0;bus_stop_16
p@req-2-11383382298_1@bus_stop_0@bus_stop_16;0.2013;0.281339;0.080039;bus_stop_0;bus_stop_16
p@req-11-10915667347_1@bus_stop_9@bus_stop_1;0.2023;0.282339;0.080039;bus_stop_9;bus_stop_1
p@req-9-9983238121_1@bus_stop_10@bus_stop_2;0.2019;0.291944;0.090044;bus_stop_10;bus_stop_2
p@req-9-9983238121_1@bus_stop_10@bus_stop_2;0.2019;0.291944;0.090044;bus_stop_10;bus_stop_2
p@req-9-9983238121_1@bus_stop_10@bus_stop_2;0.2019;0.291944;0.090044;bus_stop_10;bus_stop_2
p@req-10-12146760_1@bus_stop_2@bus_stop_10;0.202;0.292044;0.090044;bus_stop_2;bus_stop_10
p@req-1-255596028_2@bus_stop_0@bus_stop_9;0.3016;0.311605;0.010005;bus_stop_0;bus_stop_9
p@req-9-1371509882_1@bus_stop_10@bus_stop_5;0.3019;0.311905;0.010005;bus_stop_10;bus_stop_5
p@req-9-1371509882_1@bus_stop_10@bus_stop_5;0.3019;0.311905;0.010005;bus_stop_10;bus_stop_5
p@req-0-1469068918_2@bus_stop_1@bus_stop_15;0.3032;0.313205;0.010005;bus_stop_1;bus_stop_15
p@req-9-1371510111_1@bus_stop_5@bus_stop_10;0.3034;0.313405;0.010005;bus_stop_5;bus_stop_10
p@req-15-581942058_1@bus_stop_14@bus_stop_4;0.3039;0.313905;0.010005;bus_stop_14;bus_stop_4
p@req-15-1451034453_1@bus_stop_14@bus_stop_4;0.304;0.314005;0.010005;bus_stop_14;bus_stop_4
p@req-17-1469068918_1@bus_stop_1@bus_stop_15;0.3044;0.314405;0.010005;bus_stop_1;bus_stop_15
p@req-24-1480037098_1@bus_stop_11@bus_stop_6;0.3046;0.314605;0.010005;bus_stop_11;bus_stop_6
p@req-8-1432574919_1@bus_stop_5@bus_stop_0;0.3012;0.32121;0.02001;bus_stop_5;bus_stop_0
p@req-8-1432574901_1@bus_stop_0@bus_stop_5;0.3018;0.32181;0.02001;bus_stop_0;bus_stop_5
p@req-4-2569086780_2@bus_stop_9@bus_stop_13;0.3022;0.32221;0.02001;bus_stop_9;bus_stop_13
p@req-4-2569086780_2@bus_stop_9@bus_stop_13;0.3022;0.32221;0.02001;bus_stop_9;bus_stop_13
p@req-14-255596055_1@bus_stop_13@bus_stop_9;0.3038;0.32381;0.02001;bus_stop_13;bus_stop_9
p@req-15-1480037114_1@bus_stop_14@bus_stop_11;0.3041;0.32411;0.02001;bus_stop_14;bus_stop_11
p@req-28-1469068934_1@bus_stop_16@bus_stop_3;0.3047;0.32471;0.02001;bus_stop_16;bus_stop_3
p@req-28-1469068934_1@bus_stop_16@bus_stop_3;0.3047;0.32471;0.02001;bus_stop_16;bus_stop_3
p@req-28-255200372_1@bus_stop_3@bus_stop_16;0.3048;0.32481;0.02001;bus_stop_3;bus_stop_16
p@req-8-10915667416_1@bus_stop_2@bus_stop_1;0.3033;0.333315;0.030015;bus_stop_2;bus_stop_1
p@req-24-255190814_1@bus_stop_8@bus_stop_11;0.3045;0.334515;0.030015;bus_stop_8;bus_stop_11
p@req-24-255190814_1@bus_stop_8@bus_stop_11;0.3045;0.334515;0.030015;bus_stop_8;bus_stop_11
p@req-24-255190814_1@bus_stop_8@bus_stop_11;0.3045;0.334515;0.030015;bus_stop_8;bus_stop_11
p@req-4-255595787_2@bus_stop_9@bus_stop_8;0.3035;0.34352;0.04002;bus_stop_9;bus_stop_8
p@req-11-10915667367_1@bus_stop_13@bus_stop_1;0.3037;0.363729;0.060029;bus_stop_13;bus_stop_1
p@req-11-10915667367_1@bus_stop_13@bus_stop_1;0.3037;0.363729;0.060029;bus_stop_13;bus_stop_1
p@req-11-10915667367_1@bus_stop_13@bus_stop_1;0.3037;0.363729;0.060029;bus_stop_13;bus_stop_1
p@req-8-10915667416_1@bus_stop_0@bus_stop_1;0.3033;0.373334;0.070034;bus_stop_0;bus_stop_1
p@req-17-255191048_1@bus_stop_12@bus_stop_2;0.3042;0.374234;0.070034;bus_stop_12;bus_stop_2
p@req-17-255191048_1@bus_stop_12@bus_stop_2;0.3042;0.374234;0.070034;bus_stop_12;bus_stop_2
p@req-17-255200029_1@bus_stop_12@bus_stop_2;0.3043;0.374334;0.070034;bus_stop_12;bus_stop_2
p@req-4-11378562276_2@bus_stop_9@bus_stop_1;0.3017;0.381739;0.080039;bus_stop_9;bus_stop_1
p@req-8-1432574901_1@bus_stop_1@bus_stop_5;0.3018;0.391844;0.090044;bus_stop_1;bus_stop_5
p@req-8-10915667416_1@bus_stop_5@bus_stop_1;0.3033;0.393344;0.090044;bus_stop_5;bus_stop_1
p@req-10-1371509982_1@bus_stop_2@bus_stop_10;0.3036;0.393644;0.090044;bus_stop_2;bus_stop_10
p@req-11-2569086944_1@bus_stop_13@bus_stop_7;0.4012;0.411205;0.010005;bus_stop_13;bus_stop_7
p@req-10-1371510111_1@bus_stop_5@bus_stop_10;0.4022;0.412205;0.010005;bus_stop_5;bus_stop_10
p@req-6-255596808_1@bus_stop_7@bus_stop_13;0.4024;0.412405;0.010005;bus_stop_7;bus_stop_13
p@req-6-255595921_1@bus_stop_7@bus_stop_13;0.4025;0.412505;0.010005;bus_stop_7;bus_stop_13
p@req-13-1451034425_2@bus_stop_4@bus_stop_14;0.4042;0.414205;0.010005;bus_stop_4;bus_stop_14
p@req-13-1451034425_2@bus_stop_4@bus_stop_14;0.4042;0.414205;0.010005;bus_stop_4;bus_stop_14
p@req-14-10915667347_1@bus_stop_15@bus_stop_1;0.4046;0.414605;0.010005;bus_stop_15;bus_stop_1
p@req-17-2569086698_1@bus_stop_15@bus_stop_1;0.405;0.415005;0.010005;bus_stop_15;bus_stop_1
p@req-25-1480037132_1@bus_stop_6@bus_stop_11;0.4054;0.415405;0.010005;bus_stop_6;bus_stop_11
p@req-25-1480037132_1@bus_stop_6@bus_stop_11;0.4054;0.415405;0.010005;bus_stop_6;bus_stop_11
p@req-31-1480037098_1@bus_stop_11@bus_stop_6;0.4056;0.415605;0.010005;bus_stop_11;bus_stop_6
p@req-9-1432574918_1@bus_stop_0@bus_stop_5;0.4021;0.42211;0.02001;bus_stop_0;bus_stop_5
p@req-14-2569086780_1@bus_stop_9@bus_stop_13;0.4023;0.42231;0.02001;bus_stop_9;bus_stop_13
p@req-14-2569086780_1@bus_stop_9@bus_stop_13;0.4023;0.42231;0.02001;bus_stop_9;bus_stop_13
p@req-6-255596808_1@bus_stop_12@bus_stop_13;0.4024;0.42241;0.02001;bus_stop_12;bus_stop_13
p@req-11-12146784_2@bus_stop_13@bus_stop_9;0.4026;0.42261;0.02001;bus_stop_13;bus_stop_9
p@req-15-255191472_1@bus_stop_15@bus_stop_14;0.4031;0.42311;0.02001;bus_stop_15;bus_stop_14
p@req-12-255191472_2@bus_stop_15@bus_stop_14;0.404;0.42401;0.02001;bus_stop_15;bus_stop_14
p@req-13-255191448_2@bus_stop_11@bus_stop_14;0.4043;0.42431;0.02001;bus_stop_11;bus_stop_14
p@req-17-581942559_1@bus_stop_2@bus_stop_15;0.4049;0.42491;0.02001;bus_stop_2;bus_stop_15
p@req-19-12146784_1@bus_stop_13@bus_stop_9;0.4052;0.42521;0.02001;bus_stop_13;bus_stop_9
p@req-21-255190815_2@bus_stop_8@bus_stop_6;0.4053;0.42531;0.02001;bus_stop_8;bus_stop_6
p@req-6-255596808_1@bus_stop_5@bus_stop_13;0.4024;0.432415;0.030015;bus_stop_5;bus_stop_13
p@req-16-255190814_2@bus_stop_8@bus_stop_11;0.4045;0.434515;0.030015;bus_stop_8;bus_stop_11
p@req-16-255190814_2@bus_stop_8@bus_stop_11;0.4045;0.434515;0.030015;bus_stop_8;bus_stop_11
p@req-16-255190814_2@bus_stop_8@bus_stop_11;0.4045;0.434515;0.030015;bus_stop_8;bus_stop_11
p@req-1-255596094_2@bus_stop_14@bus_stop_0;0.4011;0.44112;0.04002;bus_stop_14;bus_stop_0
p@req-2-2570830459_2@bus_stop_0@bus_stop_14;0.4039;0.44392;0.04002;bus_stop_0;bus_stop_14
p@req-2-2570830459_2@bus_stop_0@bus_stop_14;0.4039;0.44392;0.04002;bus_stop_0;bus_stop_14
p@req-2-2570830459_2@bus_stop_16@bus_stop_14;0.4039;0.44392;0.04002;bus_stop_16;bus_stop_14
p@req-14-255595787_1@bus_stop_9@bus_stop_8;0.4044;0.44442;0.04002;bus_stop_9;bus_stop_8
p@req-11-2569086944_1@bus_stop_1@bus_stop_7;0.4012;0.451225;0.050025;bus_stop_1;bus_stop_7
p@req-15-255191472_1@bus_stop_12@bus_stop_14;0.4031;0.453125;0.050025;bus_stop_12;bus_stop_14
p@req-12-255191472_2@bus_stop_12@bus_stop_14;0.404;0.454025;0.050025;bus_stop_12;bus_stop_14
p@req-14-10915667342_1@bus_stop_13@bus_stop_15;0.4048;0.454825;0.050025;bus_stop_13;bus_stop_15
p@req-6-255595921_1@bus_stop_1@bus_stop_13;0.4025;0.462529;0.060029;bus_stop_1;bus_stop_13
p@req-1-255596094_2@bus_stop_1@bus_stop_0;0.4011;0.471134;0.070034;bus_stop_1;bus_stop_0
p@req-12-255200029_2@bus_stop_12@bus_stop_2;0.4041;0.474134;0.070034;bus_stop_12;bus_stop_2
p@req-14-10915667342_1@bus_stop_9@bus_stop_15;0.4048;0.474834;0.070034;bus_stop_9;bus_stop_15
p@req-26-255191048_1@bus_stop_12@bus_stop_2;0.4055;0.475534;0.070034;bus_stop_12;bus_stop_2
p@req-26-255191048_1@bus_stop_12@bus_stop_2;0.4055;0.475534;0.070034;bus_stop_12;bus_stop_2
p@req-11-12146784_2@bus_stop_1@bus_stop_9;0.4026;0.482639;0.080039;bus_stop_1;bus_stop_9
p@req-14-10915667347_1@bus_stop_9@bus_stop_1;0.4046;0.484639;0.080039;bus_stop_9;bus_stop_1
p@req-14-11378562276_1@bus_stop_9@bus_stop_1;0.4047;0.484739;0.080039;bus_stop_9;bus_stop_1
p@req-19-12146784_1@bus_stop_1@bus_stop_9;0.4052;0.485239;0.080039;bus_stop_1;bus_stop_9
p@req-18-9983238121_1@bus_stop_10@bus_stop_2;0.4051;0.495144;0.090044;bus_stop_10;bus_stop_2
p@req-18-9983238121_1@bus_stop_10@bus_stop_2;0.4051;0.495144;0.090044;bus_stop_10;bus_stop_2
p@req-18-9983238121_1@bus_stop_10@bus_stop_2;0.4051;0.495144;0.090044;bus_stop_10;bus_stop_2
p@req-9-12146767_2@bus_stop_5@bus_stop_10;0.5022;0.512205;0.010005;bus_stop_5;bus_stop_10
p@req-9-12146767_2@bus_stop_5@bus_stop_10;0.5022;0.512205;0.010005;bus_stop_5;bus_stop_10
p@req-9-1371510111_2@bus_stop_5@bus_stop_10;0.5023;0.512305;0.010005;bus_stop_5;bus_stop_10
p@req-22-255596028_1@bus_stop_0@bus_stop_9;0.5056;0.515605;0.010005;bus_stop_0;bus_stop_9
p@req-22-11383367766_1@bus_stop_1@bus_stop_16;0.5058;0.515805;0.010005;bus_stop_1;bus_stop_16
p@req-31-255190828_1@bus_stop_11@bus_stop_6;0.506;0.516005;0.010005;bus_stop_11;bus_stop_6
p@req-34-1480037117_1@bus_stop_6@bus_stop_11;0.5062;0.516205;0.010005;bus_stop_6;bus_stop_11
p@req-8-1432574918_2@bus_stop_0@bus_stop_5;0.5021;0.52211;0.02001;bus_stop_0;bus_stop_5
p@req-4-255595599_3@bus_stop_13@bus_stop_9;0.5027;0.52271;0.02001;bus_stop_13;bus_stop_9
p@req-21-1480037114_1@bus_stop_14@bus_stop_11;0.5054;0.52541;0.02001;bus_stop_14;bus_stop_11
p@req-24-2569108697_2@bus_stop_6@bus_stop_8;0.5057;0.52571;0.02001;bus_stop_6;bus_stop_8
p@req-24-2569108697_2@bus_stop_11@bus_stop_8;0.5057;0.535715;0.030015;bus_stop_11;bus_stop_8
p@req-31-255190814_1@bus_stop_8@bus_stop_11;0.5061;0.536115;0.030015;bus_stop_8;bus_stop_11
p@req-31-255190814_1@bus_stop_8@bus_stop_11;0.5061;0.536115;0.030015;bus_stop_8;bus_stop_11
p@req-31-255190814_1@bus_stop_8@bus_stop_11;0.5061;0.536115;0.030015;bus_stop_8;bus_stop_11
p@req-2-255596112_2@bus_stop_14@bus_stop_0;0.5014;0.54142;0.04002;bus_stop_14;bus_stop_0
p@req-4-255595599_3@bus_stop_8@bus_stop_9;0.5027;0.54272;0.04002;bus_stop_8;bus_stop_9
p@req-19-10915667367_1@bus_stop_13@bus_stop_1;0.5055;0.565529;0.060029;bus_stop_13;bus_stop_1
p@req-19-10915667367_1@bus_stop_13@bus_stop_1;0.5055;0.565529;0.060029;bus_stop_13;bus_stop_1
p@req-19-10915667367_1@bus_stop_13@bus_stop_1;0.5055;0.565529;0.060029;bus_stop_13;bus_stop_1
p@req-26-255200029_1@bus_stop_12@bus_stop_2;0.5059;0.575934;0.070034;bus_stop_12;bus_stop_2
p@req-2-2570830451_2@bus_stop_16@bus_stop_0;0.5013;0.581339;0.080039;bus_stop_16;bus_stop_0
p@req-2-255596112_2@bus_stop_16@bus_stop_0;0.5014;0.581439;0.080039;bus_stop_16;bus_stop_0
p@req-4-255595599_3@bus_stop_1@bus_stop_9;0.5027;0.582739;0.080039;bus_stop_1;bus_stop_9
p@req-8-10915667490_2@bus_stop_5@bus_stop_1;0.502;0.592044;0.090044;bus_stop_5;bus_stop_1
p@req-9-12146767_2@bus_stop_2@bus_stop_10;0.5022;0.592244;0.090044;bus_stop_2;bus_stop_10
p@req-22-11383367766_1@bus_stop_9@bus_stop_16;0.5058;0.595844;0.090044;bus_stop_9;bus_stop_16
p@req-1-2569086797_3@bus_stop_9@bus_stop_0;0.6014;0.611405;0.010005;bus_stop_9;bus_stop_0
p@req-22-255596018_1@bus_stop_12@bus_stop_0;0.6017;0.611705;0.010005;bus_stop_12;bus_stop_0
p@req-6-1432574832_1@bus_stop_7@bus_stop_13;0.6025;0.612505;0.010005;bus_stop_7;bus_stop_13
p@req-17-2569086820_2@bus_stop_1@bus_stop_15;0.6028;0.612805;0.010005;bus_stop_1;bus_stop_15
p@req-26-2569086698_1@bus_stop_15@bus_stop_1;0.6031;0.613105;0.010005;bus_stop_15;bus_stop_1
p@req-10-1371510128_1@bus_stop_5@bus_stop_10;0.6055;0.615505;0.010005;bus_stop_5;bus_stop_10
p@req-10-12146767_1@bus_stop_5@bus_stop_10;0.6056;0.615605;0.010005;bus_stop_5;bus_stop_10
p@req-10-12146767_1@bus_stop_5@bus_stop_10;0.6056;0.615605;0.010005;bus_stop_5;bus_stop_10
p@req-25-1480037117_2@bus_stop_6@bus_stop_11;0.606;0.616005;0.010005;bus_stop_6;bus_stop_11
p@req-8-1432574941_2@bus_stop_5@bus_stop_0;0.6015;0.62151;0.02001;bus_stop_5;bus_stop_0
p@req-26-581942559_1@bus_stop_2@bus_stop_15;0.602;0.62201;0.02001;bus_stop_2;bus_stop_15
p@req-14-255595599_2@bus_stop_13@bus_stop_9;0.6027;0.62271;0.02001;bus_stop_13;bus_stop_9
p@req-17-255190984_2@bus_stop_15@bus_stop_2;0.6029;0.62291;0.02001;bus_stop_15;bus_stop_2
p@req-27-255596055_1@bus_stop_13@bus_stop_9;0.6061;0.62611;0.02001;bus_stop_13;bus_stop_9
p@req-28-255200372_3@bus_stop_3@bus_stop_16;0.6065;0.62651;0.02001;bus_stop_3;bus_stop_16
p@req-69-236864890_1@bus_stop_3@bus_stop_16;0.6066;0.62661;0.02001;bus_stop_3;bus_stop_16
p@req-74-255200372_1@bus_stop_3@bus_stop_16;0.6067;0.62671;0.02001;bus_stop_3;bus_stop_16
p@req-7-1432574984_1@bus_stop_2@bus_stop_7;0.6016;0.64162;0.04002;bus_stop_2;bus_stop_7
p@req-22-255596094_1@bus_stop_14@bus_stop_0;0.6018;0.64182;0.04002;bus_stop_14;bus_stop_0
p@req-22-255596112_1@bus_stop_14@bus_stop_0;0.6019;0.64192;0.04002;bus_stop_14;bus_stop_0
p@req-14-255595599_2@bus_stop_8@bus_stop_9;0.6027;0.64272;0.04002;bus_stop_8;bus_stop_9
p@req-22-11383382298_1@bus_stop_14@bus_stop_16;0.6064;0.64642;0.04002;bus_stop_14;bus_stop_16
p@req-12-1451034444_3@bus_stop_14@bus_stop_12;0.6043;0.654325;0.050025;bus_stop_14;bus_stop_12
p@req-6-1432574832_1@bus_stop_1@bus_stop_13;0.6025;0.662529;0.060029;bus_stop_1;bus_stop_13
p@req-8-1432574941_2@bus_stop_1@bus_stop_0;0.6015;0.671534;0.070034;bus_stop_1;bus_stop_0
p@req-22-255596018_1@bus_stop_1@bus_stop_0;0.6017;0.671734;0.070034;bus_stop_1;bus_stop_0
p@req-22-255596094_1@bus_stop_1@bus_stop_0;0.6018;0.671834;0.070034;bus_stop_1;bus_stop_0
p@req-14-255191075_2@bus_stop_15@bus_stop_9;0.6026;0.672634;0.070034;bus_stop_15;bus_stop_9
p@req-12-1451034444_3@bus_stop_2@bus_stop_12;0.6043;0.674334;0.070034;bus_stop_2;bus_stop_12
p@req-22-255596018_1@bus_stop_16@bus_stop_0;0.6017;0.681739;0.080039;bus_stop_16;bus_stop_0
p@req-22-255596112_1@bus_stop_16@bus_stop_0;0.6019;0.681939;0.080039;bus_stop_16;bus_stop_0
p@req-14-255191075_2@bus_stop_1@bus_stop_9;0.6026;0.682639;0.080039;bus_stop_1;bus_stop_9
p@req-14-255595599_2@bus_stop_1@bus_stop_9;0.6027;0.682739;0.080039;bus_stop_1;bus_stop_9
p@req-22-11383382298_1@bus_stop_0@bus_stop_16;0.6064;0.686439;0.080039;bus_stop_0;bus_stop_16
p@req-22-11383382298_1@bus_stop_0@bus_stop_16;0.6064;0.686439;0.080039;bus_stop_0;bus_stop_16
p@req-20-9983238121_1@bus_stop_10@bus_stop_2;0.603;0.693044;0.090044;bus_stop_10;bus_stop_2
p@req-20-9983238121_1@bus_stop_10@bus_stop_2;0.603;0.693044;0.090044;bus_stop_10;bus_stop_2
p@req-20-9983238121_1@bus_stop_10@bus_stop_2;0.603;0.693044;0.090044;bus_stop_10;bus_stop_2
p@req-10-12146767_1@bus_stop_2@bus_stop_10;0.6056;0.695644;0.090044;bus_stop_2;bus_stop_10
p@req-6-2569086944_2@bus_stop_13@bus_stop_7;0.7018;0.711805;0.010005;bus_stop_13;bus_stop_7
p@req-15-1451034425_2@bus_stop_4@bus_stop_14;0.7019;0.711905;0.010005;bus_stop_4;bus_stop_14
p@req-15-1451034425_2@bus_stop_4@bus_stop_14;0.7019;0.711905;0.010005;bus_stop_4;bus_stop_14
p@req-33-4414627711_1@bus_stop_16@bus_stop_1;0.702;0.712005;0.010005;bus_stop_16;bus_stop_1
p@req-9-1371509882_3@bus_stop_10@bus_stop_5;0.7027;0.712705;0.010005;bus_stop_10;bus_stop_5
p@req-9-1371509882_3@bus_stop_10@bus_stop_5;0.7027;0.712705;0.010005;bus_stop_10;bus_stop_5
p@req-18-1371510515_1@bus_stop_10@bus_stop_5;0.7028;0.712805;0.010005;bus_stop_10;bus_stop_5
p@req-18-1371510515_1@bus_stop_10@bus_stop_5;0.7028;0.712805;0.010005;bus_stop_10;bus_stop_5
p@req-11-255595921_2@bus_stop_7@bus_stop_13;0.7033;0.713305;0.010005;bus_stop_7;bus_stop_13
p@req-27-11383367761_1@bus_stop_16@bus_stop_1;0.7036;0.713605;0.010005;bus_stop_16;bus_stop_1
p@req-34-1480037132_1@bus_stop_6@bus_stop_11;0.7068;0.716805;0.010005;bus_stop_6;bus_stop_11
p@req-34-1480037132_1@bus_stop_6@bus_stop_11;0.7068;0.716805;0.010005;bus_stop_6;bus_stop_11
p@req-15-255191448_2@bus_stop_11@bus_stop_14;0.7035;0.72351;0.02001;bus_stop_11;bus_stop_14
p@req-24-255190815_3@bus_stop_8@bus_stop_6;0.7058;0.72581;0.02001;bus_stop_8;bus_stop_6
p@req-25-255191472_1@bus_stop_15@bus_stop_14;0.7059;0.72591;0.02001;bus_stop_15;bus_stop_14
p@req-25-1480037114_1@bus_stop_14@bus_stop_11;0.7063;0.72631;0.02001;bus_stop_14;bus_stop_11
p@req-30-255596055_1@bus_stop_13@bus_stop_9;0.7064;0.72641;0.02001;bus_stop_13;bus_stop_9
p@req-31-2569108697_2@bus_stop_6@bus_stop_8;0.7067;0.72671;0.02001;bus_stop_6;bus_stop_8
p@req-31-2569108697_2@bus_stop_11@bus_stop_8;0.7067;0.736715;0.030015;bus_stop_11;bus_stop_8
p@req-16-10915667297_1@bus_stop_7@bus_stop_15;0.7034;0.74342;0.04002;bus_stop_7;bus_stop_15
p@req-2-11383382298_3@bus_stop_14@bus_stop_16;0.704;0.74402;0.04002;bus_stop_14;bus_stop_16
p@req-27-2570830459_1@bus_stop_0@bus_stop_14;0.706;0.74602;0.04002;bus_stop_0;bus_stop_14
p@req-27-2570830459_1@bus_stop_0@bus_stop_14;0.706;0.74602;0.04002;bus_stop_0;bus_stop_14
p@req-27-2570830459_1@bus_stop_16@bus_stop_14;0.706;0.74602;0.04002;bus_stop_16;bus_stop_14
p@req-6-2569086944_2@bus_stop_1@bus_stop_7;0.7018;0.751825;0.050025;bus_stop_1;bus_stop_7
p@req-16-10915667297_1@bus_stop_8@bus_stop_15;0.7034;0.753425;0.050025;bus_stop_8;bus_stop_15
p@req-25-255191472_1@bus_stop_12@bus_stop_14;0.7059;0.755925;0.050025;bus_stop_12;bus_stop_14
p@req-11-255595921_2@bus_stop_1@bus_stop_13;0.7033;0.763329;0.060029;bus_stop_1;bus_stop_13
p@req-27-11383367761_1@bus_stop_0@bus_stop_1;0.7036;0.773634;0.070034;bus_stop_0;bus_stop_1
p@req-27-11383367761_1@bus_stop_0@bus_stop_1;0.7036;0.773634;0.070034;bus_stop_0;bus_stop_1
p@req-2-11383382298_3@bus_stop_0@bus_stop_16;0.704;0.784039;0.080039;bus_stop_0;bus_stop_16
p@req-2-11383382298_3@bus_stop_0@bus_stop_16;0.704;0.784039;0.080039;bus_stop_0;bus_stop_16
p@req-19-2569086944_1@bus_stop_13@bus_stop_7;0.8022;0.812205;0.010005;bus_stop_13;bus_stop_7
p@req-19-2923178604_1@bus_stop_13@bus_stop_7;0.8023;0.812305;0.010005;bus_stop_13;bus_stop_7
p@req-26-1469068918_1@bus_stop_1@bus_stop_15;0.8024;0.812405;0.010005;bus_stop_1;bus_stop_15
p@req-27-2569086797_1@bus_stop_9@bus_stop_0;0.8025;0.812505;0.010005;bus_stop_9;bus_stop_0
p@req-33-2569086820_1@bus_stop_1@bus_stop_15;0.8027;0.812705;0.010005;bus_stop_1;bus_stop_15
p@req-10-1371510515_2@bus_stop_10@bus_stop_5;0.8031;0.813105;0.010005;bus_stop_10;bus_stop_5
p@req-10-1371510515_2@bus_stop_10@bus_stop_5;0.8031;0.813105;0.010005;bus_stop_10;bus_stop_5
p@req-10-1371509882_2@bus_stop_10@bus_stop_5;0.8032;0.813205;0.010005;bus_stop_10;bus_stop_5
p@req-10-1371509882_2@bus_stop_10@bus_stop_5;0.8032;0.813205;0.010005;bus_stop_10;bus_stop_5
p@req-19-255595921_1@bus_stop_7@bus_stop_13;0.804;0.814005;0.010005;bus_stop_7;bus_stop_13
p@req-35-1432574832_1@bus_stop_7@bus_stop_13;0.8042;0.814205;0.010005;bus_stop_7;bus_stop_13
p@req-18-1371510111_1@bus_stop_5@bus_stop_10;0.8059;0.815905;0.010005;bus_stop_5;bus_stop_10
p@req-33-581942559_1@bus_stop_2@bus_stop_15;0.8026;0.82261;0.02001;bus_stop_2;bus_stop_15
p@req-8-1432574901_3@bus_stop_0@bus_stop_5;0.803;0.82301;0.02001;bus_stop_0;bus_stop_5
p@req-17-581942559_3@bus_stop_2@bus_stop_15;0.8037;0.82371;0.02001;bus_stop_2;bus_stop_15
p@req-14-2569086780_3@bus_stop_9@bus_stop_13;0.8039;0.82391;0.02001;bus_stop_9;bus_stop_13
p@req-14-2569086780_3@bus_stop_9@bus_stop_13;0.8039;0.82391;0.02001;bus_stop_9;bus_stop_13
p@req-74-236864890_1@bus_stop_3@bus_stop_16;0.8069;0.82691;0.02001;bus_stop_3;bus_stop_16
p@req-39-2569108697_1@bus_stop_6@bus_stop_8;0.807;0.82701;0.02001;bus_stop_6;bus_stop_8
p@req-74-236864890_2@bus_stop_3@bus_stop_16;0.8072;0.82721;0.02001;bus_stop_3;bus_stop_16
p@req-39-2569108697_1@bus_stop_11@bus_stop_8;0.807;0.837015;0.030015;bus_stop_11;bus_stop_8
p@req-42-255190814_1@bus_stop_8@bus_stop_11;0.8071;0.837115;0.030015;bus_stop_8;bus_stop_11
p@req-42-255190814_1@bus_stop_8@bus_stop_11;0.8071;0.837115;0.030015;bus_stop_8;bus_stop_11
p@req-42-255190814_1@bus_stop_8@bus_stop_11;0.8071;0.837115;0.030015;bus_stop_8;bus_stop_11
p@req-19-2569086944_1@bus_stop_1@bus_stop_7;0.8022;0.852225;0.050025;bus_stop_1;bus_stop_7
p@req-6-10915667367_2@bus_stop_13@bus_stop_1;0.8038;0.863829;0.060029;bus_stop_13;bus_stop_1
p@req-6-10915667367_2@bus_stop_13@bus_stop_1;0.8038;0.863829;0.060029;bus_stop_13;bus_stop_1
p@req-6-10915667367_2@bus_stop_13@bus_stop_1;0.8038;0.863829;0.060029;bus_stop_13;bus_stop_1
p@req-19-255595921_1@bus_stop_1@bus_stop_13;0.804;0.864029;0.060029;bus_stop_1;bus_stop_13
p@req-35-10915667367_1@bus_stop_13@bus_stop_1;0.8041;0.864129;0.060029;bus_stop_13;bus_stop_1
p@req-35-10915667367_1@bus_stop_13@bus_stop_1;0.8041;0.864129;0.060029;bus_stop_13;bus_stop_1
p@req-35-10915667367_1@bus_stop_13@bus_stop_1;0.8041;0.864129;0.060029;bus_stop_13;bus_stop_1
p@req-35-1432574832_1@bus_stop_1@bus_stop_13;0.8042;0.864229;0.060029;bus_stop_1;bus_stop_13
p@req-8-1432574901_3@bus_stop_1@bus_stop_5;0.803;0.893044;0.090044;bus_stop_1;bus_stop_5
p@req-10-9983238121_2@bus_stop_10@bus_stop_2;0.8033;0.893344;0.090044;bus_stop_10;bus_stop_2
p@req-10-9983238121_2@bus_stop_10@bus_stop_2;0.8033;0.893344;0.090044;bus_stop_10;bus_stop_2
p@req-10-9983238121_2@bus_stop_10@bus_stop_2;0.8033;0.893344;0.090044;bus_stop_10;bus_stop_2
p@req-23-12146760_1@bus_stop_2@bus_stop_10;0.806;0.896044;0.090044;bus_stop_2;bus_stop_10
p@req-22-2569086797_2@bus_stop_9@bus_stop_0;0.9018;0.911805;0.010005;bus_stop_9;bus_stop_0
p@req-30-2569086797_1@bus_stop_9@bus_stop_0;0.9027;0.912705;0.010005;bus_stop_9;bus_stop_0
p@req-74-4414627711_1@bus_stop_16@bus_stop_1;0.9043;0.914305;0.010005;bus_stop_16;bus_stop_1
p@req-22-11383367761_2@bus_stop_16@bus_stop_1;0.9044;0.914405;0.010005;bus_stop_16;bus_stop_1
p@req-42-10915667292_1@bus_stop_15@bus_stop_4;0.9049;0.914905;0.010005;bus_stop_15;bus_stop_4
p@req-16-10915667292_2@bus_stop_15@bus_stop_4;0.905;0.915005;0.010005;bus_stop_15;bus_stop_4
p@req-21-1480037106_3@bus_stop_11@bus_stop_6;0.9061;0.916105;0.010005;bus_stop_11;bus_stop_6
p@req-34-1480037117_2@bus_stop_6@bus_stop_11;0.9067;0.916705;0.010005;bus_stop_6;bus_stop_11
p@req-39-1480037117_1@bus_stop_6@bus_stop_11;0.9071;0.917105;0.010005;bus_stop_6;bus_stop_11
p@req-40-1480037132_1@bus_stop_6@bus_stop_11;0.9072;0.917205;0.010005;bus_stop_6;bus_stop_11
p@req-40-1480037132_1@bus_stop_6@bus_stop_11;0.9072;0.917205;0.010005;bus_stop_6;bus_stop_11
p@req-11-12146782_3@bus_stop_9@bus_stop_13;0.9035;0.92351;0.02001;bus_stop_9;bus_stop_13
p@req-35-12146782_1@bus_stop_9@bus_stop_13;0.9045;0.92451;0.02001;bus_stop_9;bus_stop_13
p@req-36-255595599_1@bus_stop_13@bus_stop_9;0.9047;0.92471;0.02001;bus_stop_13;bus_stop_9
p@req-26-255190984_2@bus_stop_15@bus_stop_2;0.9054;0.92541;0.02001;bus_stop_15;bus_stop_2
p@req-31-255190815_3@bus_stop_8@bus_stop_6;0.9066;0.92661;0.02001;bus_stop_8;bus_stop_6
p@req-38-255595599_1@bus_stop_13@bus_stop_9;0.9068;0.92681;0.02001;bus_stop_13;bus_stop_9
p@req-39-1480037114_1@bus_stop_14@bus_stop_11;0.907;0.92701;0.02001;bus_stop_14;bus_stop_11
p@req-36-255595599_1@bus_stop_8@bus_stop_9;0.9047;0.94472;0.04002;bus_stop_8;bus_stop_9
p@req-42-10915667292_1@bus_stop_8@bus_stop_4;0.9049;0.94492;0.04002;bus_stop_8;bus_stop_4
p@req-16-10915667292_2@bus_stop_8@bus_stop_4;0.905;0.94502;0.04002;bus_stop_8;bus_stop_4
p@req-22-2570830459_2@bus_stop_0@bus_stop_14;0.9062;0.94622;0.04002;bus_stop_0;bus_stop_14
p@req-22-2570830459_2@bus_stop_0@bus_stop_14;0.9062;0.94622;0.04002;bus_stop_0;bus_stop_14
p@req-22-2570830459_2@bus_stop_16@bus_stop_14;0.9062;0.94622;0.04002;bus_stop_16;bus_stop_14
p@req-38-255595599_1@bus_stop_8@bus_stop_9;0.9068;0.94682;0.04002;bus_stop_8;bus_stop_9
p@req-36-11378562273_1@bus_stop_13@bus_stop_1;0.9046;0.964629;0.060029;bus_stop_13;bus_stop_1
p@req-22-11383367761_2@bus_stop_0@bus_stop_1;0.9044;0.974434;0.070034;bus_stop_0;bus_stop_1
p@req-22-11383367761_2@bus_stop_0@bus_stop_1;0.9044;0.974434;0.070034;bus_stop_0;bus_stop_1
p@req-36-255191075_1@bus_stop_15@bus_stop_9;0.9048;0.974834;0.070034;bus_stop_15;bus_stop_9
p@req-38-255191075_1@bus_stop_15@bus_stop_9;0.9069;0.976934;0.070034;bus_stop_15;bus_stop_9
p@req-36-11378562273_1@bus_stop_9@bus_stop_1;0.9046;0.984639;0.080039;bus_stop_9;bus_stop_1
p@req-36-255595599_1@bus_stop_1@bus_stop_9;0.9047;0.984739;0.080039;bus_stop_1;bus_stop_9
p@req-36-255191075_1@bus_stop_1@bus_stop_9;0.9048;0.984839;0.080039;bus_stop_1;bus_stop_9
p@req-38-255595599_1@bus_stop_1@bus_stop_9;0.9068;0.986839;0.080039;bus_stop_1;bus_stop_9
p@req-38-255191075_1@bus_stop_1@bus_stop_9;0.9069;0.986939;0.080039;bus_stop_1;bus_stop_9
p@req-27-255596028_2@bus_stop_0@bus_stop_9;1.002;1.012005;0.010005;bus_stop_0;bus_stop_9
p@req-33-1469068918_2@bus_stop_1@bus_stop_15;1.003;1.013005;0.010005;bus_stop_1;bus_stop_15
p@req-37-1371510111_1@bus_stop_5@bus_stop_10;1.0032;1.013205;0.010005;bus_stop_5;bus_stop_10
p@req-18-1371509882_1@bus_stop_10@bus_stop_5;1.0033;1.013305;0.010005;bus_stop_10;bus_stop_5
p@req-18-1371509882_1@bus_stop_10@bus_stop_5;1.0033;1.013305;0.010005;bus_stop_10;bus_stop_5
p@req-20-1371509882_1@bus_stop_10@bus_stop_5;1.0035;1.013505;0.010005;bus_stop_10;bus_stop_5
p@req-20-1371509882_1@bus_stop_10@bus_stop_5;1.0035;1.013505;0.010005;bus_stop_10;bus_stop_5
p@req-10-12146767_3@bus_stop_5@bus_stop_10;1.0036;1.013605;0.010005;bus_stop_5;bus_stop_10
p@req-10-12146767_3@bus_stop_5@bus_stop_10;1.0036;1.013605;0.010005;bus_stop_5;bus_stop_10
p@req-6-255595921_3@bus_stop_7@bus_stop_13;1.0037;1.013705;0.010005;bus_stop_7;bus_stop_13
p@req-19-255595921_2@bus_stop_7@bus_stop_13;1.0046;1.014605;0.010005;bus_stop_7;bus_stop_13
p@req-19-1432574832_2@bus_stop_7@bus_stop_13;1.0047;1.014705;0.010005;bus_stop_7;bus_stop_13
p@req-26-2569086820_2@bus_stop_1@bus_stop_15;1.0048;1.014805;0.010005;bus_stop_1;bus_stop_15
p@req-30-11383367761_1@bus_stop_16@bus_stop_1;1.005;1.015005;0.010005;bus_stop_16;bus_stop_1
p@req-38-10915667347_1@bus_stop_15@bus_stop_1;1.0051;1.015105;0.010005;bus_stop_15;bus_stop_1
p@req-45-4414627711_1@bus_stop_16@bus_stop_1;1.0052;1.015205;0.010005;bus_stop_16;bus_stop_1
p@req-60-10915667292_1@bus_stop_15@bus_stop_4;1.0075;1.017505;0.010005;bus_stop_15;bus_stop_4
p@req-34-255191448_1@bus_stop_11@bus_stop_14;1.0021;1.02211;0.02001;bus_stop_11;bus_stop_14
p@req-18-1432574918_1@bus_stop_0@bus_stop_5;1.0034;1.02341;0.02001;bus_stop_0;bus_stop_5
p@req-84-236864890_1@bus_stop_3@bus_stop_16;1.0044;1.02441;0.02001;bus_stop_3;bus_stop_16
p@req-19-12146782_2@bus_stop_9@bus_stop_13;1.0045;1.02451;0.02001;bus_stop_9;bus_stop_13
p@req-45-581942559_1@bus_stop_2@bus_stop_15;1.0049;1.02491;0.02001;bus_stop_2;bus_stop_15
p@req-25-255191448_2@bus_stop_11@bus_stop_14;1.0064;1.02641;0.02001;bus_stop_11;bus_stop_14
p@req-39-255190815_2@bus_stop_8@bus_stop_6;1.0073;1.02731;0.02001;bus_stop_8;bus_stop_6
p@req-89-255200372_1@bus_stop_3@bus_stop_16;1.0076;1.02761;0.02001;bus_stop_3;bus_stop_16
p@req-89-236864890_1@bus_stop_3@bus_stop_16;1.0077;1.02771;0.02001;bus_stop_3;bus_stop_16
p@req-42-255190812_2@bus_stop_11@bus_stop_8;1.0074;1.037415;0.030015;bus_stop_11;bus_stop_8
p@req-30-2570830459_1@bus_stop_16@bus_stop_14;1.0038;1.04382;0.04002;bus_stop_16;bus_stop_14
p@req-30-2570830459_1@bus_stop_0@bus_stop_14;1.0038;1.04382;0.04002;bus_stop_0;bus_stop_14
p@req-30-2570830459_1@bus_stop_0@bus_stop_14;1.0038;1.04382;0.04002;bus_stop_0;bus_stop_14
p@req-60-10915667292_1@bus_stop_8@bus_stop_4;1.0075;1.04752;0.04002;bus_stop_8;bus_stop_4
p@req-38-10915667342_1@bus_stop_13@bus_stop_15;1.0039;1.053925;0.050025;bus_stop_13;bus_stop_15
p@req-6-255595921_3@bus_stop_1@bus_stop_13;1.0037;1.063729;0.060029;bus_stop_1;bus_stop_13
p@req-19-255595921_2@bus_stop_1@bus_stop_13;1.0046;1.064629;0.060029;bus_stop_1;bus_stop_13
p@req-19-1432574832_2@bus_stop_1@bus_stop_13;1.0047;1.064729;0.060029;bus_stop_1;bus_stop_13
p@req-38-10915667342_1@bus_stop_9@bus_stop_15;1.0039;1.073934;0.070034;bus_stop_9;bus_stop_15
p@req-30-11383367761_1@bus_stop_0@bus_stop_1;1.005;1.075034;0.070034;bus_stop_0;bus_stop_1
p@req-30-11383367761_1@bus_stop_0@bus_stop_1;1.005;1.075034;0.070034;bus_stop_0;bus_stop_1
p@req-38-10915667347_1@bus_stop_9@bus_stop_1;1.0051;1.085139;0.080039;bus_stop_9;bus_stop_1
p@req-37-12146760_1@bus_stop_2@bus_stop_10;1.0028;1.092844;0.090044;bus_stop_2;bus_stop_10
p@req-23-1371509982_1@bus_stop_2@bus_stop_10;1.0029;1.092944;0.090044;bus_stop_2;bus_stop_10
p@req-37-1371509982_1@bus_stop_2@bus_stop_10;1.0031;1.093144;0.090044;bus_stop_2;bus_stop_10
p@req-10-12146767_3@bus_stop_2@bus_stop_10;1.0036;1.093644;0.090044;bus_stop_2;bus_stop_10
p@req-20-1371510515_1@bus_stop_10@bus_stop_5;1.1039;1.113905;0.010005;bus_stop_10;bus_stop_5
p@req-20-1371510515_1@bus_stop_10@bus_stop_5;1.1039;1.113905;0.010005;bus_stop_10;bus_stop_5
p@req-23-1371510111_1@bus_stop_5@bus_stop_10;1.104;1.114005;0.010005;bus_stop_5;bus_stop_10
p@req-30-255596028_2@bus_stop_0@bus_stop_9;1.1041;1.114105;0.010005;bus_stop_0;bus_stop_9
p@req-50-255596028_1@bus_stop_0@bus_stop_9;1.1044;1.114405;0.010005;bus_stop_0;bus_stop_9
p@req-49-236868307_1@bus_stop_1@bus_stop_16;1.1054;1.115405;0.010005;bus_stop_1;bus_stop_16
p@req-37-12146767_1@bus_stop_5@bus_stop_10;1.1066;1.116605;0.010005;bus_stop_5;bus_stop_10
p@req-37-12146767_1@bus_stop_5@bus_stop_10;1.1066;1.116605;0.010005;bus_stop_5;bus_stop_10
p@req-37-1371510128_1@bus_stop_5@bus_stop_10;1.1067;1.116705;0.010005;bus_stop_5;bus_stop_10
p@req-43-1480037117_1@bus_stop_6@bus_stop_11;1.1076;1.117605;0.010005;bus_stop_6;bus_stop_11
p@req-38-255596055_1@bus_stop_13@bus_stop_9;1.1043;1.12431;0.02001;bus_stop_13;bus_stop_9
p@req-43-255191448_1@bus_stop_11@bus_stop_14;1.1065;1.12651;0.02001;bus_stop_11;bus_stop_14
p@req-40-255595328_1@bus_stop_13@bus_stop_6;1.1072;1.12721;0.02001;bus_stop_13;bus_stop_6
p@req-47-1480037114_1@bus_stop_14@bus_stop_11;1.1075;1.12751;0.02001;bus_stop_14;bus_stop_11
p@req-42-2569108697_2@bus_stop_6@bus_stop_8;1.1078;1.12781;0.02001;bus_stop_6;bus_stop_8
p@req-16-255190788_3@bus_stop_11@bus_stop_8;1.1077;1.137715;0.030015;bus_stop_11;bus_stop_8
p@req-42-2569108697_2@bus_stop_11@bus_stop_8;1.1078;1.137815;0.030015;bus_stop_11;bus_stop_8
p@req-42-255190788_2@bus_stop_11@bus_stop_8;1.1079;1.137915;0.030015;bus_stop_11;bus_stop_8
p@req-27-255596094_2@bus_stop_14@bus_stop_0;1.1021;1.14212;0.04002;bus_stop_14;bus_stop_0
p@req-32-1432574984_1@bus_stop_2@bus_stop_7;1.1022;1.14222;0.04002;bus_stop_2;bus_stop_7
p@req-22-255596094_3@bus_stop_14@bus_stop_0;1.1023;1.14232;0.04002;bus_stop_14;bus_stop_0
p@req-36-255595787_2@bus_stop_9@bus_stop_8;1.1042;1.14422;0.04002;bus_stop_9;bus_stop_8
p@req-40-255595328_1@bus_stop_12@bus_stop_6;1.1072;1.14722;0.04002;bus_stop_12;bus_stop_6
p@req-16-255190788_3@bus_stop_4@bus_stop_8;1.1077;1.14772;0.04002;bus_stop_4;bus_stop_8
p@req-89-236864890_2@bus_stop_3@bus_stop_16;1.1278;1.14781;0.02001;bus_stop_3;bus_stop_16
p@req-42-255190788_2@bus_stop_4@bus_stop_8;1.1079;1.14792;0.04002;bus_stop_4;bus_stop_8
p@req-27-255596094_2@bus_stop_1@bus_stop_0;1.1021;1.172134;0.070034;bus_stop_1;bus_stop_0
p@req-22-255596094_3@bus_stop_1@bus_stop_0;1.1023;1.172334;0.070034;bus_stop_1;bus_stop_0
p@req-66-255191048_1@bus_stop_12@bus_stop_2;1.108;1.178034;0.070034;bus_stop_12;bus_stop_2
p@req-66-255191048_1@bus_stop_12@bus_stop_2;1.108;1.178034;0.070034;bus_stop_12;bus_stop_2
p@req-36-11378562276_2@bus_stop_9@bus_stop_1;1.1029;1.182939;0.080039;bus_stop_9;bus_stop_1
p@req-37-12146767_1@bus_stop_2@bus_stop_10;1.1066;1.196644;0.090044;bus_stop_2;bus_stop_10
p@req-35-255596808_1@bus_stop_7@bus_stop_13;1.204;1.214005;0.010005;bus_stop_7;bus_stop_13
p@req-35-255595921_1@bus_stop_7@bus_stop_13;1.2041;1.214105;0.010005;bus_stop_7;bus_stop_13
p@req-18-12146767_2@bus_stop_5@bus_stop_10;1.2042;1.214205;0.010005;bus_stop_5;bus_stop_10
p@req-18-12146767_2@bus_stop_5@bus_stop_10;1.2042;1.214205;0.010005;bus_stop_5;bus_stop_10
p@req-18-1371510111_2@bus_stop_5@bus_stop_10;1.2043;1.214305;0.010005;bus_stop_5;bus_stop_10
p@req-39-1480037106_3@bus_stop_11@bus_stop_6;1.2078;1.217805;0.010005;bus_stop_11;bus_stop_6
p@req-43-1480037132_1@bus_stop_6@bus_stop_11;1.2079;1.217905;0.010005;bus_stop_6;bus_stop_11
p@req-43-1480037132_1@bus_stop_6@bus_stop_11;1.2079;1.217905;0.010005;bus_stop_6;bus_stop_11
p@req-60-2923311197_1@bus_stop_8@bus_stop_7;1.2081;1.218105;0.010005;bus_stop_8;bus_stop_7
p@req-26-581942559_3@bus_stop_2@bus_stop_15;1.2025;1.22251;0.02001;bus_stop_2;bus_stop_15
p@req-35-255596808_1@bus_stop_12@bus_stop_13;1.204;1.22401;0.02001;bus_stop_12;bus_stop_13
p@req-36-2569086780_2@bus_stop_9@bus_stop_13;1.2044;1.22441;0.02001;bus_stop_9;bus_stop_13
p@req-36-2569086780_2@bus_stop_9@bus_stop_13;1.2044;1.22441;0.02001;bus_stop_9;bus_stop_13
p@req-38-2569086780_2@bus_stop_9@bus_stop_13;1.2046;1.22461;0.02001;bus_stop_9;bus_stop_13
p@req-38-2569086780_2@bus_stop_9@bus_stop_13;1.2046;1.22461;0.02001;bus_stop_9;bus_stop_13
p@req-47-255191472_1@bus_stop_15@bus_stop_14;1.2047;1.22471;0.02001;bus_stop_15;bus_stop_14
p@req-50-2569086736_1@bus_stop_9@bus_stop_13;1.2048;1.22481;0.02001;bus_stop_9;bus_stop_13
p@req-25-1480037114_3@bus_stop_14@bus_stop_11;1.2051;1.22511;0.02001;bus_stop_14;bus_stop_11
p@req-56-2569086712_1@bus_stop_9@bus_stop_13;1.2052;1.22521;0.02001;bus_stop_9;bus_stop_13
p@req-34-1480037114_2@bus_stop_14@bus_stop_11;1.2077;1.22771;0.02001;bus_stop_14;bus_stop_11
p@req-60-2923311197_1@bus_stop_11@bus_stop_7;1.2081;1.22811;0.02001;bus_stop_11;bus_stop_7
p@req-35-255596808_1@bus_stop_5@bus_stop_13;1.204;1.234015;0.030015;bus_stop_5;bus_stop_13
p@req-60-255190814_1@bus_stop_8@bus_stop_11;1.208;1.238015;0.030015;bus_stop_8;bus_stop_11
p@req-60-255190814_1@bus_stop_8@bus_stop_11;1.208;1.238015;0.030015;bus_stop_8;bus_stop_11
p@req-60-255190814_1@bus_stop_8@bus_stop_11;1.208;1.238015;0.030015;bus_stop_8;bus_stop_11
p@req-58-1432574984_1@bus_stop_2@bus_stop_7;1.2026;1.24262;0.04002;bus_stop_2;bus_stop_7
p@req-30-255596094_2@bus_stop_14@bus_stop_0;1.2045;1.24452;0.04002;bus_stop_14;bus_stop_0
p@req-60-2923311197_1@bus_stop_15@bus_stop_7;1.2081;1.24812;0.04002;bus_stop_15;bus_stop_7
p@req-47-255191472_1@bus_stop_12@bus_stop_14;1.2047;1.254725;0.050025;bus_stop_12;bus_stop_14
p@req-35-255595921_1@bus_stop_1@bus_stop_13;1.2041;1.264129;0.060029;bus_stop_1;bus_stop_13
p@req-19-10915667367_3@bus_stop_13@bus_stop_1;1.2076;1.267629;0.060029;bus_stop_13;bus_stop_1
p@req-19-10915667367_3@bus_stop_13@bus_stop_1;1.2076;1.267629;0.060029;bus_stop_13;bus_stop_1
p@req-19-10915667367_3@bus_stop_13@bus_stop_1;1.2076;1.267629;0.060029;bus_stop_13;bus_stop_1
p@req-30-255596094_2@bus_stop_1@bus_stop_0;1.2045;1.274534;0.070034;bus_stop_1;bus_stop_0
p@req-66-255200029_1@bus_stop_12@bus_stop_2;1.2058;1.275834;0.070034;bus_stop_12;bus_stop_2
p@req-72-255191048_1@bus_stop_12@bus_stop_2;1.2082;1.278234;0.070034;bus_stop_12;bus_stop_2
p@req-72-255191048_1@bus_stop_12@bus_stop_2;1.2082;1.278234;0.070034;bus_stop_12;bus_stop_2
p@req-72-255200029_1@bus_stop_12@bus_stop_2;1.2083;1.278334;0.070034;bus_stop_12;bus_stop_2
p@req-18-12146767_2@bus_stop_2@bus_stop_10;1.2042;1.294244;0.090044;bus_stop_2;bus_stop_10
p@req-45-2569086820_1@bus_stop_1@bus_stop_15;1.3026;1.312605;0.010005;bus_stop_1;bus_stop_15
p@req-27-2569086797_3@bus_stop_9@bus_stop_0;1.3027;1.312705;0.010005;bus_stop_9;bus_stop_0
p@req-49-4414627711_2@bus_stop_16@bus_stop_1;1.3031;1.313105;0.010005;bus_stop_16;bus_stop_1
p@req-45-1469068918_2@bus_stop_1@bus_stop_15;1.3048;1.314805;0.010005;bus_stop_1;bus_stop_15
p@req-20-12146767_2@bus_stop_5@bus_stop_10;1.3065;1.316505;0.010005;bus_stop_5;bus_stop_10
p@req-20-12146767_2@bus_stop_5@bus_stop_10;1.3065;1.316505;0.010005;bus_stop_5;bus_stop_10
p@req-20-1371510128_2@bus_stop_5@bus_stop_10;1.3066;1.316605;0.010005;bus_stop_5;bus_stop_10
p@req-40-12146792_2@bus_stop_11@bus_stop_6;1.3075;1.317505;0.010005;bus_stop_11;bus_stop_6
p@req-48-255191448_1@bus_stop_11@bus_stop_14;1.3067;1.32671;0.02001;bus_stop_11;bus_stop_14
p@req-60-255190788_1@bus_stop_11@bus_stop_8;1.3046;1.334615;0.030015;bus_stop_11;bus_stop_8
p@req-60-255190788_1@bus_stop_4@bus_stop_8;1.3046;1.34462;0.04002;bus_stop_4;bus_stop_8
p@req-56-11378562273_1@bus_stop_13@bus_stop_1;1.3032;1.363229;0.060029;bus_stop_13;bus_stop_1
p@req-38-255191075_2@bus_stop_15@bus_stop_9;1.3047;1.374734;0.070034;bus_stop_15;bus_stop_9
p@req-50-255191075_1@bus_stop_15@bus_stop_9;1.3049;1.374934;0.070034;bus_stop_15;bus_stop_9
p@req-77-255191048_1@bus_stop_12@bus_stop_2;1.3085;1.378534;0.070034;bus_stop_12;bus_stop_2
p@req-77-255191048_1@bus_stop_12@bus_stop_2;1.3085;1.378534;0.070034;bus_stop_12;bus_stop_2
p@req-77-255200029_1@bus_stop_12@bus_stop_2;1.3086;1.378634;0.070034;bus_stop_12;bus_stop_2
p@req-56-11378562273_1@bus_stop_9@bus_stop_1;1.3032;1.383239;0.080039;bus_stop_9;bus_stop_1
p@req-38-255191075_2@bus_stop_1@bus_stop_9;1.3047;1.384739;0.080039;bus_stop_1;bus_stop_9
p@req-50-255191075_1@bus_stop_1@bus_stop_9;1.3049;1.384939;0.080039;bus_stop_1;bus_stop_9
p@req-56-11378562276_1@bus_stop_9@bus_stop_1;1.3081;1.388139;0.080039;bus_stop_9;bus_stop_1
p@req-37-9983238121_2@bus_stop_10@bus_stop_2;1.305;1.395044;0.090044;bus_stop_10;bus_stop_2
p@req-37-9983238121_2@bus_stop_10@bus_stop_2;1.305;1.395044;0.090044;bus_stop_10;bus_stop_2
p@req-37-9983238121_2@bus_stop_10@bus_stop_2;1.305;1.395044;0.090044;bus_stop_10;bus_stop_2
p@req-20-12146767_2@bus_stop_2@bus_stop_10;1.3065;1.396544;0.090044;bus_stop_2;bus_stop_10
p@req-44-1371509982_1@bus_stop_2@bus_stop_10;1.307;1.397044;0.090044;bus_stop_2;bus_stop_10
p@req-44-12146760_1@bus_stop_2@bus_stop_10;1.3071;1.397144;0.090044;bus_stop_2;bus_stop_10
p@req-30-2569086797_3@bus_stop_9@bus_stop_0;1.4029;1.412905;0.010005;bus_stop_9;bus_stop_0
p@req-35-2569086944_2@bus_stop_13@bus_stop_7;1.4054;1.415405;0.010005;bus_stop_13;bus_stop_7
p@req-61-255596028_1@bus_stop_0@bus_stop_9;1.4057;1.415705;0.010005;bus_stop_0;bus_stop_9
p@req-23-1371510128_1@bus_stop_5@bus_stop_10;1.4068;1.416805;0.010005;bus_stop_5;bus_stop_10
p@req-23-12146767_1@bus_stop_5@bus_stop_10;1.4069;1.416905;0.010005;bus_stop_5;bus_stop_10
p@req-23-12146767_1@bus_stop_5@bus_stop_10;1.4069;1.416905;0.010005;bus_stop_5;bus_stop_10
p@req-47-1480037132_1@bus_stop_6@bus_stop_11;1.4083;1.418305;0.010005;bus_stop_6;bus_stop_11
p@req-47-1480037132_1@bus_stop_6@bus_stop_11;1.4083;1.418305;0.010005;bus_stop_6;bus_stop_11
p@req-48-1480037117_1@bus_stop_6@bus_stop_11;1.4084;1.418405;0.010005;bus_stop_6;bus_stop_11
p@req-62-10915667347_1@bus_stop_15@bus_stop_1;1.4087;1.418705;0.010005;bus_stop_15;bus_stop_1
p@req-80-255595784_1@bus_stop_7@bus_stop_8;1.4091;1.419105;0.010005;bus_stop_7;bus_stop_8
p@req-47-255191448_2@bus_stop_11@bus_stop_14;1.403;1.42301;0.02001;bus_stop_11;bus_stop_14
p@req-29-1432574919_1@bus_stop_5@bus_stop_0;1.4032;1.42321;0.02001;bus_stop_5;bus_stop_0
p@req-54-255191472_1@bus_stop_15@bus_stop_14;1.4073;1.42731;0.02001;bus_stop_15;bus_stop_14
p@req-43-1480037114_2@bus_stop_14@bus_stop_11;1.4082;1.42821;0.02001;bus_stop_14;bus_stop_11
p@req-54-1480037114_1@bus_stop_14@bus_stop_11;1.4085;1.42851;0.02001;bus_stop_14;bus_stop_11
p@req-62-255596055_1@bus_stop_13@bus_stop_9;1.4086;1.42861;0.02001;bus_stop_13;bus_stop_9
p@req-62-255595599_1@bus_stop_13@bus_stop_9;1.4088;1.42881;0.02001;bus_stop_13;bus_stop_9
p@req-42-255190814_3@bus_stop_8@bus_stop_11;1.4056;1.435615;0.030015;bus_stop_8;bus_stop_11
p@req-42-255190814_3@bus_stop_8@bus_stop_11;1.4056;1.435615;0.030015;bus_stop_8;bus_stop_11
p@req-42-255190814_3@bus_stop_8@bus_stop_11;1.4056;1.435615;0.030015;bus_stop_8;bus_stop_11
p@req-64-255190814_1@bus_stop_8@bus_stop_11;1.4089;1.438915;0.030015;bus_stop_8;bus_stop_11
p@req-64-255190814_1@bus_stop_8@bus_stop_11;1.4089;1.438915;0.030015;bus_stop_8;bus_stop_11
p@req-64-255190814_1@bus_stop_8@bus_stop_11;1.4089;1.438915;0.030015;bus_stop_8;bus_stop_11
p@req-64-255190788_1@bus_stop_11@bus_stop_8;1.409;1.439015;0.030015;bus_stop_11;bus_stop_8
p@req-50-255596094_1@bus_stop_14@bus_stop_0;1.405;1.44502;0.04002;bus_stop_14;bus_stop_0
p@req-62-255595599_1@bus_stop_8@bus_stop_9;1.4088;1.44882;0.04002;bus_stop_8;bus_stop_9
p@req-64-255190788_1@bus_stop_4@bus_stop_8;1.409;1.44902;0.04002;bus_stop_4;bus_stop_8
p@req-35-2569086944_2@bus_stop_1@bus_stop_7;1.4054;1.455425;0.050025;bus_stop_1;bus_stop_7
p@req-62-10915667342_1@bus_stop_13@bus_stop_15;1.4058;1.455825;0.050025;bus_stop_13;bus_stop_15
p@req-54-255191472_1@bus_stop_12@bus_stop_14;1.4073;1.457325;0.050025;bus_stop_12;bus_stop_14
p@req-35-10915667367_2@bus_stop_13@bus_stop_1;1.4055;1.465529;0.060029;bus_stop_13;bus_stop_1
p@req-35-10915667367_2@bus_stop_13@bus_stop_1;1.4055;1.465529;0.060029;bus_stop_13;bus_stop_1
p@req-35-10915667367_2@bus_stop_13@bus_stop_1;1.4055;1.465529;0.060029;bus_stop_13;bus_stop_1
p@req-50-255596094_1@bus_stop_1@bus_stop_0;1.405;1.475034;0.070034;bus_stop_1;bus_stop_0
p@req-61-255191075_1@bus_stop_15@bus_stop_9;1.4051;1.475134;0.070034;bus_stop_15;bus_stop_9
p@req-62-10915667342_1@bus_stop_9@bus_stop_15;1.4058;1.475834;0.070034;bus_stop_9;bus_stop_15
p@req-61-255191075_1@bus_stop_1@bus_stop_9;1.4051;1.485139;0.080039;bus_stop_1;bus_stop_9
p@req-62-10915667347_1@bus_stop_9@bus_stop_1;1.4087;1.488739;0.080039;bus_stop_9;bus_stop_1
p@req-62-255595599_1@bus_stop_1@bus_stop_9;1.4088;1.488839;0.080039;bus_stop_1;bus_stop_9
p@req-23-12146767_1@bus_stop_2@bus_stop_10;1.4069;1.496944;0.090044;bus_stop_2;bus_stop_10
p@req-18-1371509882_3@bus_stop_10@bus_stop_5;1.5028;1.512805;0.010005;bus_stop_10;bus_stop_5
p@req-18-1371509882_3@bus_stop_10@bus_stop_5;1.5028;1.512805;0.010005;bus_stop_10;bus_stop_5
p@req-49-1469068918_3@bus_stop_1@bus_stop_15;1.5052;1.515205;0.010005;bus_stop_1;bus_stop_15
p@req-64-10915667292_1@bus_stop_15@bus_stop_4;1.506;1.516005;0.010005;bus_stop_15;bus_stop_4
p@req-64-2923311197_1@bus_stop_8@bus_stop_7;1.5061;1.516105;0.010005;bus_stop_8;bus_stop_7
p@req-43-1480037117_2@bus_stop_6@bus_stop_11;1.5093;1.519305;0.010005;bus_stop_6;bus_stop_11
p@req-66-2569086698_1@bus_stop_15@bus_stop_1;1.5095;1.519505;0.010005;bus_stop_15;bus_stop_1
p@req-29-1432574901_1@bus_stop_0@bus_stop_5;1.504;1.52401;0.02001;bus_stop_0;bus_stop_5
p@req-61-2569086736_1@bus_stop_9@bus_stop_13;1.5051;1.52511;0.02001;bus_stop_9;bus_stop_13
p@req-36-255595599_3@bus_stop_13@bus_stop_9;1.5053;1.52531;0.02001;bus_stop_13;bus_stop_9
p@req-50-255596055_2@bus_stop_13@bus_stop_9;1.5054;1.52541;0.02001;bus_stop_13;bus_stop_9
p@req-56-1480037155_2@bus_stop_13@bus_stop_9;1.5058;1.52581;0.02001;bus_stop_13;bus_stop_9
p@req-64-2923311197_1@bus_stop_11@bus_stop_7;1.5061;1.52611;0.02001;bus_stop_11;bus_stop_7
p@req-60-255190788_2@bus_stop_11@bus_stop_8;1.5092;1.539215;0.030015;bus_stop_11;bus_stop_8
p@req-36-255595599_3@bus_stop_8@bus_stop_9;1.5053;1.54532;0.04002;bus_stop_8;bus_stop_9
p@req-60-10915667297_2@bus_stop_7@bus_stop_15;1.5055;1.54552;0.04002;bus_stop_7;bus_stop_15
p@req-64-10915667292_1@bus_stop_8@bus_stop_4;1.506;1.54602;0.04002;bus_stop_8;bus_stop_4
p@req-64-2923311197_1@bus_stop_15@bus_stop_7;1.5061;1.54612;0.04002;bus_stop_15;bus_stop_7
p@req-61-255596094_1@bus_stop_14@bus_stop_0;1.5071;1.54712;0.04002;bus_stop_14;bus_stop_0
p@req-60-255190788_2@bus_stop_4@bus_stop_8;1.5092;1.54922;0.04002;bus_stop_4;bus_stop_8
p@req-60-10915667297_2@bus_stop_8@bus_stop_15;1.5055;1.555525;0.050025;bus_stop_8;bus_stop_15
p@req-67-11378562273_1@bus_stop_13@bus_stop_1;1.5096;1.569629;0.060029;bus_stop_13;bus_stop_1
p@req-61-255596094_1@bus_stop_1@bus_stop_0;1.5071;1.577134;0.070034;bus_stop_1;bus_stop_0
p@req-62-255191075_1@bus_stop_15@bus_stop_9;1.5094;1.579434;0.070034;bus_stop_15;bus_stop_9
p@req-50-2569086797_2@bus_stop_9@bus_stop_0;1.5752;1.585205;0.010005;bus_stop_9;bus_stop_0
p@req-36-255595599_3@bus_stop_1@bus_stop_9;1.5053;1.585339;0.080039;bus_stop_1;bus_stop_9
p@req-56-1480037155_2@bus_stop_1@bus_stop_9;1.5058;1.585839;0.080039;bus_stop_1;bus_stop_9
p@req-56-1480037155_2@bus_stop_1@bus_stop_9;1.5058;1.585839;0.080039;bus_stop_1;bus_stop_9
p@req-62-255191075_1@bus_stop_1@bus_stop_9;1.5094;1.589439;0.080039;bus_stop_1;bus_stop_9
p@req-67-11378562273_1@bus_stop_9@bus_stop_1;1.5096;1.589639;0.080039;bus_stop_9;bus_stop_1
p@req-29-1432574901_1@bus_stop_1@bus_stop_5;1.504;1.594044;0.090044;bus_stop_1;bus_stop_5
p@req-70-1451034425_1@bus_stop_4@bus_stop_14;1.6031;1.613105;0.010005;bus_stop_4;bus_stop_14
p@req-70-1451034425_1@bus_stop_4@bus_stop_14;1.6031;1.613105;0.010005;bus_stop_4;bus_stop_14
p@req-76-1451034425_1@bus_stop_4@bus_stop_14;1.6032;1.613205;0.010005;bus_stop_4;bus_stop_14
p@req-76-1451034425_1@bus_stop_4@bus_stop_14;1.6032;1.613205;0.010005;bus_stop_4;bus_stop_14
p@req-20-1371510515_3@bus_stop_10@bus_stop_5;1.6042;1.614205;0.010005;bus_stop_10;bus_stop_5
p@req-20-1371510515_3@bus_stop_10@bus_stop_5;1.6042;1.614205;0.010005;bus_stop_10;bus_stop_5
p@req-35-255595921_3@bus_stop_7@bus_stop_13;1.6058;1.615805;0.010005;bus_stop_7;bus_stop_13
p@req-66-1469068918_1@bus_stop_1@bus_stop_15;1.606;1.616005;0.010005;bus_stop_1;bus_stop_15
p@req-69-4414627711_1@bus_stop_16@bus_stop_1;1.6061;1.616105;0.010005;bus_stop_16;bus_stop_1
p@req-48-1480037132_1@bus_stop_6@bus_stop_11;1.6087;1.618705;0.010005;bus_stop_6;bus_stop_11
p@req-48-1480037132_1@bus_stop_6@bus_stop_11;1.6087;1.618705;0.010005;bus_stop_6;bus_stop_11
p@req-51-12146792_1@bus_stop_11@bus_stop_6;1.6089;1.618905;0.010005;bus_stop_11;bus_stop_6
p@req-47-1480037117_2@bus_stop_6@bus_stop_11;1.6095;1.619505;0.010005;bus_stop_6;bus_stop_11
p@req-66-581942559_1@bus_stop_2@bus_stop_15;1.6059;1.62591;0.02001;bus_stop_2;bus_stop_15
p@req-54-255191448_2@bus_stop_11@bus_stop_14;1.609;1.62901;0.02001;bus_stop_11;bus_stop_14
p@req-82-2570830459_1@bus_stop_0@bus_stop_14;1.6033;1.64332;0.04002;bus_stop_0;bus_stop_14
p@req-82-2570830459_1@bus_stop_0@bus_stop_14;1.6033;1.64332;0.04002;bus_stop_0;bus_stop_14
p@req-82-2570830459_1@bus_stop_16@bus_stop_14;1.6033;1.64332;0.04002;bus_stop_16;bus_stop_14
p@req-51-3574495212_1@bus_stop_6@bus_stop_12;1.6088;1.64882;0.04002;bus_stop_6;bus_stop_12
p@req-38-10915667342_3@bus_stop_13@bus_stop_15;1.603;1.653025;0.050025;bus_stop_13;bus_stop_15
p@req-35-255595921_3@bus_stop_1@bus_stop_13;1.6058;1.665829;0.060029;bus_stop_1;bus_stop_13
p@req-38-10915667342_3@bus_stop_9@bus_stop_15;1.603;1.673034;0.070034;bus_stop_9;bus_stop_15
p@req-61-2569086797_2@bus_stop_9@bus_stop_0;1.6773;1.687305;0.010005;bus_stop_9;bus_stop_0
p@req-23-9983238121_2@bus_stop_10@bus_stop_2;1.6057;1.695744;0.090044;bus_stop_10;bus_stop_2
p@req-23-9983238121_2@bus_stop_10@bus_stop_2;1.6057;1.695744;0.090044;bus_stop_10;bus_stop_2
p@req-23-9983238121_2@bus_stop_10@bus_stop_2;1.6057;1.695744;0.090044;bus_stop_10;bus_stop_2
p@req-46-12146760_1@bus_stop_2@bus_stop_10;1.6072;1.697244;0.090044;bus_stop_2;bus_stop_10
p@req-23-1371510515_2@bus_stop_10@bus_stop_5;1.7031;1.713105;0.010005;bus_stop_10;bus_stop_5
p@req-23-1371510515_2@bus_stop_10@bus_stop_5;1.7031;1.713105;0.010005;bus_stop_10;bus_stop_5
p@req-23-1371509882_2@bus_stop_10@bus_stop_5;1.7032;1.713205;0.010005;bus_stop_10;bus_stop_5
p@req-23-1371509882_2@bus_stop_10@bus_stop_5;1.7032;1.713205;0.010005;bus_stop_10;bus_stop_5
p@req-50-255596028_3@bus_stop_0@bus_stop_9;1.7033;1.713305;0.010005;bus_stop_0;bus_stop_9
p@req-98-581942058_1@bus_stop_14@bus_stop_4;1.7037;1.713705;0.010005;bus_stop_14;bus_stop_4
p@req-98-1451034453_1@bus_stop_14@bus_stop_4;1.7038;1.713805;0.010005;bus_stop_14;bus_stop_4
p@req-46-1371510111_1@bus_stop_5@bus_stop_10;1.7052;1.715205;0.010005;bus_stop_5;bus_stop_10
p@req-60-10915667292_3@bus_stop_15@bus_stop_4;1.706;1.716005;0.010005;bus_stop_15;bus_stop_4
p@req-91-2923178604_1@bus_stop_13@bus_stop_7;1.7064;1.716405;0.010005;bus_stop_13;bus_stop_7
p@req-53-12146792_1@bus_stop_11@bus_stop_6;1.708;1.718005;0.010005;bus_stop_11;bus_stop_6
p@req-53-1480037106_1@bus_stop_11@bus_stop_6;1.7091;1.719105;0.010005;bus_stop_11;bus_stop_6
p@req-70-581942058_2@bus_stop_14@bus_stop_4;1.7133;1.723305;0.010005;bus_stop_14;bus_stop_4
p@req-67-255595599_1@bus_stop_13@bus_stop_9;1.7035;1.72351;0.02001;bus_stop_13;bus_stop_9
p@req-29-1432574918_2@bus_stop_0@bus_stop_5;1.7046;1.72461;0.02001;bus_stop_0;bus_stop_5
p@req-61-255596055_2@bus_stop_13@bus_stop_9;1.7061;1.72611;0.02001;bus_stop_13;bus_stop_9
p@req-51-2569086678_1@bus_stop_6@bus_stop_13;1.7063;1.72631;0.02001;bus_stop_6;bus_stop_13
p@req-51-2569086678_1@bus_stop_9@bus_stop_13;1.7063;1.72631;0.02001;bus_stop_9;bus_stop_13
p@req-48-1480037114_2@bus_stop_14@bus_stop_11;1.7097;1.72971;0.02001;bus_stop_14;bus_stop_11
p@req-81-255190814_1@bus_stop_8@bus_stop_11;1.7098;1.739815;0.030015;bus_stop_8;bus_stop_11
p@req-81-255190814_1@bus_stop_8@bus_stop_11;1.7098;1.739815;0.030015;bus_stop_8;bus_stop_11
p@req-81-255190814_1@bus_stop_8@bus_stop_11;1.7098;1.739815;0.030015;bus_stop_8;bus_stop_11
p@req-64-255190788_2@bus_stop_11@bus_stop_8;1.7099;1.739915;0.030015;bus_stop_11;bus_stop_8
p@req-67-255595599_1@bus_stop_8@bus_stop_9;1.7035;1.74352;0.04002;bus_stop_8;bus_stop_9
p@req-60-10915667292_3@bus_stop_8@bus_stop_4;1.706;1.74602;0.04002;bus_stop_8;bus_stop_4
p@req-64-10915667297_2@bus_stop_7@bus_stop_15;1.7062;1.74622;0.04002;bus_stop_7;bus_stop_15
p@req-64-255190788_2@bus_stop_4@bus_stop_8;1.7099;1.74992;0.04002;bus_stop_4;bus_stop_8
p@req-64-10915667297_2@bus_stop_8@bus_stop_15;1.7062;1.756225;0.050025;bus_stop_8;bus_stop_15
p@req-62-255191075_2@bus_stop_15@bus_stop_9;1.7034;1.773434;0.070034;bus_stop_15;bus_stop_9
p@req-67-255191075_1@bus_stop_15@bus_stop_9;1.7036;1.773634;0.070034;bus_stop_15;bus_stop_9
p@req-62-255191075_2@bus_stop_1@bus_stop_9;1.7034;1.783439;0.080039;bus_stop_1;bus_stop_9
p@req-67-255595599_1@bus_stop_1@bus_stop_9;1.7035;1.783539;0.080039;bus_stop_1;bus_stop_9
p@req-67-255191075_1@bus_stop_1@bus_stop_9;1.7036;1.783639;0.080039;bus_stop_1;bus_stop_9
p@req-46-1371509982_1@bus_stop_2@bus_stop_10;1.7051;1.795144;0.090044;bus_stop_2;bus_stop_10
p@req-68-10915667347_1@bus_stop_15@bus_stop_1;1.8038;1.813805;0.010005;bus_stop_15;bus_stop_1
p@req-69-236868307_2@bus_stop_1@bus_stop_16;1.8039;1.813905;0.010005;bus_stop_1;bus_stop_16
p@req-74-236868307_2@bus_stop_1@bus_stop_16;1.804;1.814005;0.010005;bus_stop_1;bus_stop_16
p@req-66-2569086820_2@bus_stop_1@bus_stop_15;1.8068;1.816805;0.010005;bus_stop_1;bus_stop_15
p@req-72-1469068918_1@bus_stop_1@bus_stop_15;1.807;1.817005;0.010005;bus_stop_1;bus_stop_15
p@req-72-2569086698_1@bus_stop_15@bus_stop_1;1.8071;1.817105;0.010005;bus_stop_15;bus_stop_1
p@req-82-11383367761_1@bus_stop_16@bus_stop_1;1.8073;1.817305;0.010005;bus_stop_16;bus_stop_1
p@req-84-4414627711_1@bus_stop_16@bus_stop_1;1.8074;1.817405;0.010005;bus_stop_16;bus_stop_1
p@req-52-1371510111_1@bus_stop_5@bus_stop_10;1.8077;1.817705;0.010005;bus_stop_5;bus_stop_10
p@req-89-4414627711_1@bus_stop_16@bus_stop_1;1.8078;1.817805;0.010005;bus_stop_16;bus_stop_1
p@req-51-1480037132_2@bus_stop_6@bus_stop_11;1.8087;1.818705;0.010005;bus_stop_6;bus_stop_11
p@req-51-1480037132_2@bus_stop_6@bus_stop_11;1.8087;1.818705;0.010005;bus_stop_6;bus_stop_11
p@req-48-1480037117_2@bus_stop_6@bus_stop_11;1.8101;1.820105;0.010005;bus_stop_6;bus_stop_11
p@req-76-581942058_2@bus_stop_14@bus_stop_4;1.8139;1.823905;0.010005;bus_stop_14;bus_stop_4
p@req-98-1451034425_2@bus_stop_4@bus_stop_14;1.814;1.824005;0.010005;bus_stop_4;bus_stop_14
p@req-98-1451034425_2@bus_stop_4@bus_stop_14;1.814;1.824005;0.010005;bus_stop_4;bus_stop_14
p@req-62-2569086780_2@bus_stop_9@bus_stop_13;1.8066;1.82661;0.02001;bus_stop_9;bus_stop_13
p@req-62-2569086780_2@bus_stop_9@bus_stop_13;1.8066;1.82661;0.02001;bus_stop_9;bus_stop_13
p@req-66-255190984_2@bus_stop_15@bus_stop_2;1.8067;1.82671;0.02001;bus_stop_15;bus_stop_2
p@req-72-581942559_1@bus_stop_2@bus_stop_15;1.8072;1.82721;0.02001;bus_stop_2;bus_stop_15
p@req-47-1480037114_3@bus_stop_14@bus_stop_11;1.8086;1.82861;0.02001;bus_stop_14;bus_stop_11
p@req-68-2569086780_1@bus_stop_9@bus_stop_13;1.8099;1.82991;0.02001;bus_stop_9;bus_stop_13
p@req-68-2569086780_1@bus_stop_9@bus_stop_13;1.8099;1.82991;0.02001;bus_stop_9;bus_stop_13
p@req-41-10915667416_1@bus_stop_2@bus_stop_1;1.8065;1.836515;0.030015;bus_stop_2;bus_stop_1
p@req-99-255190814_1@bus_stop_8@bus_stop_11;1.8105;1.840515;0.030015;bus_stop_8;bus_stop_11
p@req-99-255190814_1@bus_stop_8@bus_stop_11;1.8105;1.840515;0.030015;bus_stop_8;bus_stop_11
p@req-99-255190814_1@bus_stop_8@bus_stop_11;1.8105;1.840515;0.030015;bus_stop_8;bus_stop_11
p@req-99-255190788_1@bus_stop_11@bus_stop_8;1.8106;1.840615;0.030015;bus_stop_11;bus_stop_8
p@req-68-255595787_1@bus_stop_9@bus_stop_8;1.81;1.85002;0.04002;bus_stop_9;bus_stop_8
p@req-99-255190788_1@bus_stop_4@bus_stop_8;1.8106;1.85062;0.04002;bus_stop_4;bus_stop_8
p@req-68-10915667342_1@bus_stop_13@bus_stop_15;1.8069;1.856925;0.050025;bus_stop_13;bus_stop_15
p@req-90-10915667367_1@bus_stop_13@bus_stop_1;1.8103;1.870329;0.060029;bus_stop_13;bus_stop_1
p@req-90-10915667367_1@bus_stop_13@bus_stop_1;1.8103;1.870329;0.060029;bus_stop_13;bus_stop_1
p@req-90-10915667367_1@bus_stop_13@bus_stop_1;1.8103;1.870329;0.060029;bus_stop_13;bus_stop_1
p@req-91-10915667367_1@bus_stop_13@bus_stop_1;1.8104;1.870429;0.060029;bus_stop_13;bus_stop_1
p@req-91-10915667367_1@bus_stop_13@bus_stop_1;1.8104;1.870429;0.060029;bus_stop_13;bus_stop_1
p@req-91-10915667367_1@bus_stop_13@bus_stop_1;1.8104;1.870429;0.060029;bus_stop_13;bus_stop_1
p@req-41-10915667416_1@bus_stop_0@bus_stop_1;1.8065;1.876534;0.070034;bus_stop_0;bus_stop_1
p@req-68-10915667342_1@bus_stop_9@bus_stop_15;1.8069;1.876934;0.070034;bus_stop_9;bus_stop_15
p@req-82-11383367761_1@bus_stop_0@bus_stop_1;1.8073;1.877334;0.070034;bus_stop_0;bus_stop_1
p@req-82-11383367761_1@bus_stop_0@bus_stop_1;1.8073;1.877334;0.070034;bus_stop_0;bus_stop_1
p@req-68-10915667347_1@bus_stop_9@bus_stop_1;1.8038;1.883839;0.080039;bus_stop_9;bus_stop_1
p@req-68-11378562276_1@bus_stop_9@bus_stop_1;1.8102;1.890239;0.080039;bus_stop_9;bus_stop_1
p@req-41-10915667416_1@bus_stop_5@bus_stop_1;1.8065;1.896544;0.090044;bus_stop_5;bus_stop_1
p@req-52-12146760_1@bus_stop_2@bus_stop_10;1.8075;1.897544;0.090044;bus_stop_2;bus_stop_10
p@req-52-1371509982_1@bus_stop_2@bus_stop_10;1.8076;1.897644;0.090044;bus_stop_2;bus_stop_10
p@req-37-1371510515_2@bus_stop_10@bus_stop_5;1.9033;1.913305;0.010005;bus_stop_10;bus_stop_5
p@req-37-1371510515_2@bus_stop_10@bus_stop_5;1.9033;1.913305;0.010005;bus_stop_10;bus_stop_5
p@req-23-12146767_3@bus_stop_5@bus_stop_10;1.9049;1.914905;0.010005;bus_stop_5;bus_stop_10
p@req-23-12146767_3@bus_stop_5@bus_stop_10;1.9049;1.914905;0.010005;bus_stop_5;bus_stop_10
p@req-37-1371509882_2@bus_stop_10@bus_stop_5;1.905;1.915005;0.010005;bus_stop_10;bus_stop_5
p@req-37-1371509882_2@bus_stop_10@bus_stop_5;1.905;1.915005;0.010005;bus_stop_10;bus_stop_5
p@req-61-255596028_3@bus_stop_0@bus_stop_9;1.9067;1.916705;0.010005;bus_stop_0;bus_stop_9
p@req-90-2569086944_1@bus_stop_13@bus_stop_7;1.9082;1.918205;0.010005;bus_stop_13;bus_stop_7
p@req-53-1480037132_2@bus_stop_6@bus_stop_11;1.9093;1.919305;0.010005;bus_stop_6;bus_stop_11
p@req-53-1480037132_2@bus_stop_6@bus_stop_11;1.9093;1.919305;0.010005;bus_stop_6;bus_stop_11
p@req-54-1480037132_1@bus_stop_6@bus_stop_11;1.9094;1.919405;0.010005;bus_stop_6;bus_stop_11
p@req-54-1480037132_1@bus_stop_6@bus_stop_11;1.9094;1.919405;0.010005;bus_stop_6;bus_stop_11
p@req-64-10915667292_3@bus_stop_15@bus_stop_4;1.9141;1.924105;0.010005;bus_stop_15;bus_stop_4
p@req-29-1432574919_3@bus_stop_5@bus_stop_0;1.9046;1.92461;0.02001;bus_stop_5;bus_stop_0
p@req-68-255596055_1@bus_stop_13@bus_stop_9;1.9068;1.92681;0.02001;bus_stop_13;bus_stop_9
p@req-51-255595328_2@bus_stop_13@bus_stop_6;1.9076;1.92761;0.02001;bus_stop_13;bus_stop_6
p@req-98-581942058_3@bus_stop_14@bus_stop_4;1.9242;1.934205;0.010005;bus_stop_14;bus_stop_4
p@req-74-1469068934_3@bus_stop_16@bus_stop_3;1.9142;1.93421;0.02001;bus_stop_16;bus_stop_3
p@req-74-1469068934_3@bus_stop_16@bus_stop_3;1.9142;1.93421;0.02001;bus_stop_16;bus_stop_3
p@req-51-255595328_2@bus_stop_12@bus_stop_6;1.9076;1.94762;0.04002;bus_stop_12;bus_stop_6
p@req-67-255595787_2@bus_stop_9@bus_stop_8;1.91;1.95002;0.04002;bus_stop_9;bus_stop_8
p@req-64-10915667292_3@bus_stop_8@bus_stop_4;1.9141;1.95412;0.04002;bus_stop_8;bus_stop_4
p@req-90-2569086944_1@bus_stop_1@bus_stop_7;1.9082;1.958225;0.050025;bus_stop_1;bus_stop_7
p@req-67-11378562276_2@bus_stop_9@bus_stop_1;1.9106;1.990639;0.080039;bus_stop_9;bus_stop_1
p@req-23-12146767_3@bus_stop_2@bus_stop_10;1.9049;1.994944;0.090044;bus_stop_2;bus_stop_10
p@req-55-2447667809_1@bus_stop_15@bus_stop_10;1.9079;1.997944;0.090044;bus_stop_15;bus_stop_10
p@req-55-2447667809_1@bus_stop_2@bus_stop_10;1.9079;1.997944;0.090044;bus_stop_2;bus_stop_10
p@req-55-12146760_1@bus_stop_2@bus_stop_10;1.908;1.998044;0.090044;bus_stop_2;bus_stop_10
p@req-55-9279408578_1@bus_stop_10@bus_stop_2;1.9081;1.998144;0.090044;bus_stop_10;bus_stop_2
p@req-69-4414627711_3@bus_stop_16@bus_stop_1;2.0043;2.014305;0.010005;bus_stop_16;bus_stop_1
p@req-77-2569086698_1@bus_stop_15@bus_stop_1;2.0044;2.014405;0.010005;bus_stop_15;bus_stop_1
p@req-77-1469068918_1@bus_stop_1@bus_stop_15;2.0072;2.017205;0.010005;bus_stop_1;bus_stop_15
p@req-41-1432574919_1@bus_stop_5@bus_stop_0;2.0035;2.02351;0.02001;bus_stop_5;bus_stop_0
p@req-66-581942559_3@bus_stop_2@bus_stop_15;2.0037;2.02371;0.02001;bus_stop_2;bus_stop_15
p@req-67-2569086780_2@bus_stop_9@bus_stop_13;2.004;2.02401;0.02001;bus_stop_9;bus_stop_13
p@req-67-2569086780_2@bus_stop_9@bus_stop_13;2.004;2.02401;0.02001;bus_stop_9;bus_stop_13
p@req-41-1432574901_1@bus_stop_0@bus_stop_5;2.0048;2.02481;0.02001;bus_stop_0;bus_stop_5
p@req-77-581942559_1@bus_stop_2@bus_stop_15;2.0071;2.02711;0.02001;bus_stop_2;bus_stop_15
p@req-53-1480037117_3@bus_stop_6@bus_stop_11;2.0194;2.029405;0.010005;bus_stop_6;bus_stop_11
p@req-68-255595599_2@bus_stop_13@bus_stop_9;2.0101;2.03011;0.02001;bus_stop_13;bus_stop_9
p@req-80-2569086780_1@bus_stop_9@bus_stop_13;2.0102;2.03021;0.02001;bus_stop_9;bus_stop_13
p@req-80-2569086780_1@bus_stop_9@bus_stop_13;2.0102;2.03021;0.02001;bus_stop_9;bus_stop_13
p@req-80-255595787_1@bus_stop_9@bus_stop_8;2.0069;2.04692;0.04002;bus_stop_9;bus_stop_8
p@req-80-255595844_1@bus_stop_9@bus_stop_8;2.007;2.04702;0.04002;bus_stop_9;bus_stop_8
p@req-68-255595599_2@bus_stop_8@bus_stop_9;2.0101;2.05012;0.04002;bus_stop_8;bus_stop_9
p@req-62-10915667342_3@bus_stop_13@bus_stop_15;2.0036;2.053625;0.050025;bus_stop_13;bus_stop_15
p@req-62-10915667342_3@bus_stop_9@bus_stop_15;2.0036;2.073634;0.070034;bus_stop_9;bus_stop_15
p@req-80-11378562276_1@bus_stop_9@bus_stop_1;2.0082;2.088239;0.080039;bus_stop_9;bus_stop_1
p@req-68-255595599_2@bus_stop_1@bus_stop_9;2.0101;2.090139;0.080039;bus_stop_1;bus_stop_9
p@req-41-1432574901_1@bus_stop_1@bus_stop_5;2.0048;2.094844;0.090044;bus_stop_1;bus_stop_5
p@req-37-12146767_3@bus_stop_5@bus_stop_10;2.1051;2.115105;0.010005;bus_stop_5;bus_stop_10
p@req-37-12146767_3@bus_stop_5@bus_stop_10;2.1051;2.115105;0.010005;bus_stop_5;bus_stop_10
p@req-44-1371510111_1@bus_stop_5@bus_stop_10;2.1052;2.115205;0.010005;bus_stop_5;bus_stop_10
p@req-54-1480037117_2@bus_stop_6@bus_stop_11;2.1062;2.116205;0.010005;bus_stop_6;bus_stop_11
p@req-82-2569086797_1@bus_stop_9@bus_stop_0;2.1073;2.117305;0.010005;bus_stop_9;bus_stop_0
p@req-72-2569086820_2@bus_stop_1@bus_stop_15;2.1074;2.117405;0.010005;bus_stop_1;bus_stop_15
p@req-51-12146792_3@bus_stop_11@bus_stop_6;2.1077;2.117705;0.010005;bus_stop_11;bus_stop_6
p@req-56-12146792_1@bus_stop_11@bus_stop_6;2.1083;2.118305;0.010005;bus_stop_11;bus_stop_6
p@req-63-1480037106_1@bus_stop_11@bus_stop_6;2.1085;2.118505;0.010005;bus_stop_11;bus_stop_6
p@req-84-236868307_2@bus_stop_1@bus_stop_16;2.1086;2.118605;0.010005;bus_stop_1;bus_stop_16
p@req-63-12146792_1@bus_stop_11@bus_stop_6;2.1096;2.119605;0.010005;bus_stop_11;bus_stop_6
p@req-89-236868307_2@bus_stop_1@bus_stop_16;2.1107;2.120705;0.010005;bus_stop_1;bus_stop_16
p@req-72-255190984_2@bus_stop_15@bus_stop_2;2.1038;2.12381;0.02001;bus_stop_15;bus_stop_2
p@req-56-2569086678_1@bus_stop_6@bus_stop_13;2.1084;2.12841;0.02001;bus_stop_6;bus_stop_13
p@req-56-2569086678_1@bus_stop_9@bus_stop_13;2.1084;2.12841;0.02001;bus_stop_9;bus_stop_13
p@req-82-255596055_1@bus_stop_13@bus_stop_9;2.1103;2.13031;0.02001;bus_stop_13;bus_stop_9
p@req-56-3574495212_1@bus_stop_6@bus_stop_12;2.1082;2.14822;0.04002;bus_stop_6;bus_stop_12
p@req-68-255191075_2@bus_stop_15@bus_stop_9;2.1069;2.176934;0.070034;bus_stop_15;bus_stop_9
p@req-68-255191075_2@bus_stop_1@bus_stop_9;2.1069;2.186939;0.080039;bus_stop_1;bus_stop_9
p@req-37-12146767_3@bus_stop_2@bus_stop_10;2.1051;2.195144;0.090044;bus_stop_2;bus_stop_10
p@req-55-12146756_2@bus_stop_2@bus_stop_10;2.1079;2.197944;0.090044;bus_stop_2;bus_stop_10
p@req-44-12146767_1@bus_stop_5@bus_stop_10;2.2055;2.215505;0.010005;bus_stop_5;bus_stop_10
p@req-44-12146767_1@bus_stop_5@bus_stop_10;2.2055;2.215505;0.010005;bus_stop_5;bus_stop_10
p@req-44-1371510128_1@bus_stop_5@bus_stop_10;2.2056;2.215605;0.010005;bus_stop_5;bus_stop_10
p@req-77-2569086820_2@bus_stop_1@bus_stop_15;2.2076;2.217605;0.010005;bus_stop_1;bus_stop_15
p@req-90-255595921_2@bus_stop_7@bus_stop_13;2.2108;2.220805;0.010005;bus_stop_7;bus_stop_13
p@req-41-1432574941_2@bus_stop_5@bus_stop_0;2.2035;2.22351;0.02001;bus_stop_5;bus_stop_0
p@req-41-1432574918_2@bus_stop_0@bus_stop_5;2.2036;2.22361;0.02001;bus_stop_0;bus_stop_5
p@req-67-255595599_3@bus_stop_13@bus_stop_9;2.204;2.22401;0.02001;bus_stop_13;bus_stop_9
p@req-77-255190984_2@bus_stop_15@bus_stop_2;2.2075;2.22751;0.02001;bus_stop_15;bus_stop_2
p@req-90-12146782_1@bus_stop_9@bus_stop_13;2.2078;2.22781;0.02001;bus_stop_9;bus_stop_13
p@req-80-255595599_2@bus_stop_13@bus_stop_9;2.2104;2.23041;0.02001;bus_stop_13;bus_stop_9
p@req-54-1480037114_3@bus_stop_14@bus_stop_11;2.2163;2.23631;0.02001;bus_stop_14;bus_stop_11
p@req-89-1469068934_3@bus_stop_16@bus_stop_3;2.2208;2.24081;0.02001;bus_stop_16;bus_stop_3
p@req-89-1469068934_3@bus_stop_16@bus_stop_3;2.2208;2.24081;0.02001;bus_stop_16;bus_stop_3
p@req-67-255595599_3@bus_stop_8@bus_stop_9;2.204;2.24402;0.04002;bus_stop_8;bus_stop_9
p@req-90-255595834_1@bus_stop_8@bus_stop_9;2.2077;2.24772;0.04002;bus_stop_8;bus_stop_9
p@req-80-255595599_2@bus_stop_8@bus_stop_9;2.2104;2.25042;0.04002;bus_stop_8;bus_stop_9
p@req-82-255596094_2@bus_stop_14@bus_stop_0;2.2174;2.25742;0.04002;bus_stop_14;bus_stop_0
p@req-90-255595921_2@bus_stop_1@bus_stop_13;2.2108;2.270829;0.060029;bus_stop_1;bus_stop_13
p@req-41-1432574941_2@bus_stop_1@bus_stop_0;2.2035;2.273534;0.070034;bus_stop_1;bus_stop_0
p@req-67-255595599_3@bus_stop_1@bus_stop_9;2.204;2.284039;0.080039;bus_stop_1;bus_stop_9
p@req-82-255596094_2@bus_stop_1@bus_stop_0;2.2174;2.287434;0.070034;bus_stop_1;bus_stop_0
p@req-80-255595599_2@bus_stop_1@bus_stop_9;2.2104;2.290439;0.080039;bus_stop_1;bus_stop_9
p@req-41-10915667490_2@bus_stop_5@bus_stop_1;2.2043;2.294344;0.090044;bus_stop_5;bus_stop_1
p@req-44-12146767_1@bus_stop_2@bus_stop_10;2.2055;2.295544;0.090044;bus_stop_2;bus_stop_10
p@req-57-9983238121_1@bus_stop_10@bus_stop_2;2.208;2.298044;0.090044;bus_stop_10;bus_stop_2
p@req-57-9983238121_1@bus_stop_10@bus_stop_2;2.208;2.298044;0.090044;bus_stop_10;bus_stop_2
p@req-57-9983238121_1@bus_stop_10@bus_stop_2;2.208;2.298044;0.090044;bus_stop_10;bus_stop_2
p@req-57-12146756_1@bus_stop_2@bus_stop_10;2.2085;2.298544;0.090044;bus_stop_2;bus_stop_10
p@req-57-1371509982_1@bus_stop_2@bus_stop_10;2.2086;2.298644;0.090044;bus_stop_2;bus_stop_10
p@req-91-1432574832_2@bus_stop_7@bus_stop_13;2.3044;2.314405;0.010005;bus_stop_7;bus_stop_13
p@req-84-4414627711_3@bus_stop_16@bus_stop_1;2.3046;2.314605;0.010005;bus_stop_16;bus_stop_1
p@req-90-10915667347_1@bus_stop_15@bus_stop_1;2.3077;2.317705;0.010005;bus_stop_15;bus_stop_1
p@req-82-255596028_2@bus_stop_0@bus_stop_9;2.3079;2.317905;0.010005;bus_stop_0;bus_stop_9
p@req-46-12146767_1@bus_stop_5@bus_stop_10;2.308;2.318005;0.010005;bus_stop_5;bus_stop_10
p@req-46-12146767_1@bus_stop_5@bus_stop_10;2.308;2.318005;0.010005;bus_stop_5;bus_stop_10
p@req-46-1371510128_1@bus_stop_5@bus_stop_10;2.3081;2.318105;0.010005;bus_stop_5;bus_stop_10
p@req-81-255190828_1@bus_stop_11@bus_stop_6;2.3097;2.319705;0.010005;bus_stop_11;bus_stop_6
p@req-81-1480037098_1@bus_stop_11@bus_stop_6;2.3098;2.319805;0.010005;bus_stop_11;bus_stop_6
p@req-72-581942559_3@bus_stop_2@bus_stop_15;2.3038;2.32381;0.02001;bus_stop_2;bus_stop_15
p@req-68-2569086780_3@bus_stop_9@bus_stop_13;2.3041;2.32411;0.02001;bus_stop_9;bus_stop_13
p@req-68-2569086780_3@bus_stop_9@bus_stop_13;2.3041;2.32411;0.02001;bus_stop_9;bus_stop_13
p@req-94-2569086712_1@bus_stop_9@bus_stop_13;2.3083;2.32831;0.02001;bus_stop_9;bus_stop_13
p@req-56-255595328_2@bus_stop_13@bus_stop_6;2.3086;2.32861;0.02001;bus_stop_13;bus_stop_6
p@req-56-255595328_2@bus_stop_12@bus_stop_6;2.3086;2.34862;0.04002;bus_stop_12;bus_stop_6
p@req-91-1432574832_2@bus_stop_1@bus_stop_13;2.3044;2.364429;0.060029;bus_stop_1;bus_stop_13
p@req-94-11378562273_1@bus_stop_13@bus_stop_1;2.3084;2.368429;0.060029;bus_stop_13;bus_stop_1
p@req-94-11378562276_1@bus_stop_9@bus_stop_1;2.3047;2.384739;0.080039;bus_stop_9;bus_stop_1
p@req-90-10915667347_1@bus_stop_9@bus_stop_1;2.3077;2.387739;0.080039;bus_stop_9;bus_stop_1
p@req-94-11378562273_1@bus_stop_9@bus_stop_1;2.3084;2.388439;0.080039;bus_stop_9;bus_stop_1
p@req-46-12146767_1@bus_stop_2@bus_stop_10;2.308;2.398044;0.090044;bus_stop_2;bus_stop_10
p@req-55-12146755_3@bus_stop_2@bus_stop_10;2.3082;2.398244;0.090044;bus_stop_2;bus_stop_10
p@req-63-1480037132_2@bus_stop_6@bus_stop_11;2.4078;2.417805;0.010005;bus_stop_6;bus_stop_11
p@req-63-1480037132_2@bus_stop_6@bus_stop_11;2.4078;2.417805;0.010005;bus_stop_6;bus_stop_11
p@req-41-1432574901_3@bus_stop_0@bus_stop_5;2.4049;2.42491;0.02001;bus_stop_0;bus_stop_5
p@req-77-581942559_3@bus_stop_2@bus_stop_15;2.4073;2.42731;0.02001;bus_stop_2;bus_stop_15
p@req-81-2569108697_2@bus_stop_6@bus_stop_8;2.4089;2.42891;0.02001;bus_stop_6;bus_stop_8
p@req-97-255595599_1@bus_stop_13@bus_stop_9;2.4105;2.43051;0.02001;bus_stop_13;bus_stop_9
p@req-81-2569108697_2@bus_stop_11@bus_stop_8;2.4089;2.438915;0.030015;bus_stop_11;bus_stop_8
p@req-80-255595787_3@bus_stop_9@bus_stop_8;2.407;2.44702;0.04002;bus_stop_9;bus_stop_8
p@req-97-255595599_1@bus_stop_8@bus_stop_9;2.4105;2.45052;0.04002;bus_stop_8;bus_stop_9
p@req-97-255595599_1@bus_stop_1@bus_stop_9;2.4105;2.490539;0.080039;bus_stop_1;bus_stop_9
p@req-41-1432574901_3@bus_stop_1@bus_stop_5;2.4049;2.494944;0.090044;bus_stop_1;bus_stop_5
p@req-44-9983238121_2@bus_stop_10@bus_stop_2;2.4053;2.495344;0.090044;bus_stop_10;bus_stop_2
p@req-44-9983238121_2@bus_stop_10@bus_stop_2;2.4053;2.495344;0.090044;bus_stop_10;bus_stop_2
p@req-44-9983238121_2@bus_stop_10@bus_stop_2;2.4053;2.495344;0.090044;bus_stop_10;bus_stop_2
p@req-57-12146760_1@bus_stop_2@bus_stop_10;2.4087;2.498744;0.090044;bus_stop_2;bus_stop_10
p@req-57-12146760_2@bus_stop_2@bus_stop_10;2.4088;2.498844;0.090044;bus_stop_2;bus_stop_10
p@req-90-12146784_2@bus_stop_13@bus_stop_9;2.4878;2.50781;0.02001;bus_stop_13;bus_stop_9
p@req-44-1371510515_2@bus_stop_10@bus_stop_5;2.5037;2.513705;0.010005;bus_stop_10;bus_stop_5
p@req-44-1371510515_2@bus_stop_10@bus_stop_5;2.5037;2.513705;0.010005;bus_stop_10;bus_stop_5
p@req-44-1371509882_2@bus_stop_10@bus_stop_5;2.5038;2.513805;0.010005;bus_stop_10;bus_stop_5
p@req-44-1371509882_2@bus_stop_10@bus_stop_5;2.5038;2.513805;0.010005;bus_stop_10;bus_stop_5
p@req-82-2569086797_3@bus_stop_9@bus_stop_0;2.5041;2.514105;0.010005;bus_stop_9;bus_stop_0
p@req-52-12146767_1@bus_stop_5@bus_stop_10;2.5055;2.515505;0.010005;bus_stop_5;bus_stop_10
p@req-52-12146767_1@bus_stop_5@bus_stop_10;2.5055;2.515505;0.010005;bus_stop_5;bus_stop_10
p@req-52-1371510128_1@bus_stop_5@bus_stop_10;2.5056;2.515605;0.010005;bus_stop_5;bus_stop_10
p@req-99-10915667292_1@bus_stop_15@bus_stop_4;2.508;2.518005;0.010005;bus_stop_15;bus_stop_4
p@req-99-2923311197_1@bus_stop_8@bus_stop_7;2.5081;2.518105;0.010005;bus_stop_8;bus_stop_7
p@req-97-10915667347_1@bus_stop_15@bus_stop_1;2.5084;2.518405;0.010005;bus_stop_15;bus_stop_1
p@req-94-1480037155_2@bus_stop_13@bus_stop_9;2.5044;2.52441;0.02001;bus_stop_13;bus_stop_9
p@req-97-255596055_1@bus_stop_13@bus_stop_9;2.5071;2.52711;0.02001;bus_stop_13;bus_stop_9
p@req-56-2569086678_3@bus_stop_6@bus_stop_13;2.5078;2.52781;0.02001;bus_stop_6;bus_stop_13
p@req-56-2569086678_3@bus_stop_9@bus_stop_13;2.5078;2.52781;0.02001;bus_stop_9;bus_stop_13
p@req-63-1480037117_3@bus_stop_6@bus_stop_11;2.5179;2.527905;0.010005;bus_stop_6;bus_stop_11
p@req-99-2923311197_1@bus_stop_11@bus_stop_7;2.5081;2.52811;0.02001;bus_stop_11;bus_stop_7
p@req-99-10915667292_1@bus_stop_8@bus_stop_4;2.508;2.54802;0.04002;bus_stop_8;bus_stop_4
p@req-99-2923311197_1@bus_stop_15@bus_stop_7;2.5081;2.54812;0.04002;bus_stop_15;bus_stop_7
p@req-97-10915667342_1@bus_stop_13@bus_stop_15;2.5075;2.557525;0.050025;bus_stop_13;bus_stop_15
p@req-90-12146784_2@bus_stop_1@bus_stop_9;2.4878;2.567839;0.080039;bus_stop_1;bus_stop_9
p@req-97-255191075_1@bus_stop_15@bus_stop_9;2.5074;2.577434;0.070034;bus_stop_15;bus_stop_9
p@req-97-10915667342_1@bus_stop_9@bus_stop_15;2.5075;2.577534;0.070034;bus_stop_9;bus_stop_15
p@req-94-1480037155_2@bus_stop_1@bus_stop_9;2.5044;2.584439;0.080039;bus_stop_1;bus_stop_9
p@req-94-1480037155_2@bus_stop_1@bus_stop_9;2.5044;2.584439;0.080039;bus_stop_1;bus_stop_9
p@req-97-255191075_1@bus_stop_1@bus_stop_9;2.5074;2.587439;0.080039;bus_stop_1;bus_stop_9
p@req-97-10915667347_1@bus_stop_9@bus_stop_1;2.5084;2.588439;0.080039;bus_stop_9;bus_stop_1
p@req-46-9983238121_2@bus_stop_10@bus_stop_2;2.5054;2.595444;0.090044;bus_stop_10;bus_stop_2
p@req-46-9983238121_2@bus_stop_10@bus_stop_2;2.5054;2.595444;0.090044;bus_stop_10;bus_stop_2
p@req-46-9983238121_2@bus_stop_10@bus_stop_2;2.5054;2.595444;0.090044;bus_stop_10;bus_stop_2
p@req-52-12146767_1@bus_stop_2@bus_stop_10;2.5055;2.595544;0.090044;bus_stop_2;bus_stop_10
p@req-46-1371510515_2@bus_stop_10@bus_stop_5;2.605;2.615005;0.010005;bus_stop_10;bus_stop_5
p@req-46-1371510515_2@bus_stop_10@bus_stop_5;2.605;2.615005;0.010005;bus_stop_10;bus_stop_5
p@req-46-1371509882_2@bus_stop_10@bus_stop_5;2.6051;2.615105;0.010005;bus_stop_10;bus_stop_5
p@req-46-1371509882_2@bus_stop_10@bus_stop_5;2.6051;2.615105;0.010005;bus_stop_10;bus_stop_5
p@req-81-255190815_3@bus_stop_8@bus_stop_6;2.609;2.62901;0.02001;bus_stop_8;bus_stop_6
p@req-99-255190788_2@bus_stop_11@bus_stop_8;2.6481;2.678115;0.030015;bus_stop_11;bus_stop_8
p@req-90-12146782_3@bus_stop_9@bus_stop_13;2.6679;2.68791;0.02001;bus_stop_9;bus_stop_13
p@req-99-255190788_2@bus_stop_4@bus_stop_8;2.6481;2.68812;0.04002;bus_stop_4;bus_stop_8
p@req-99-10915667297_2@bus_stop_7@bus_stop_15;2.6482;2.68822;0.04002;bus_stop_7;bus_stop_15
p@req-99-10915667297_2@bus_stop_8@bus_stop_15;2.6482;2.698225;0.050025;bus_stop_8;bus_stop_15
p@req-94-2569086712_3@bus_stop_9@bus_stop_13;2.6845;2.70451;0.02001;bus_stop_9;bus_stop_13
p@req-97-2569086780_2@bus_stop_9@bus_stop_13;2.6906;2.71061;0.02001;bus_stop_9;bus_stop_13
p@req-97-2569086780_2@bus_stop_9@bus_stop_13;2.6906;2.71061;0.02001;bus_stop_9;bus_stop_13
p@req-44-12146767_3@bus_stop_5@bus_stop_10;2.7057;2.715705;0.010005;bus_stop_5;bus_stop_10
p@req-44-12146767_3@bus_stop_5@bus_stop_10;2.7057;2.715705;0.010005;bus_stop_5;bus_stop_10
p@req-97-255191075_2@bus_stop_15@bus_stop_9;2.6885;2.758534;0.070034;bus_stop_15;bus_stop_9
p@req-97-255191075_2@bus_stop_1@bus_stop_9;2.6885;2.768539;0.080039;bus_stop_1;bus_stop_9
p@req-44-12146767_3@bus_stop_2@bus_stop_10;2.7057;2.795744;0.090044;bus_stop_2;bus_stop_10
p@req-52-9983238121_2@bus_stop_10@bus_stop_2;2.7058;2.795844;0.090044;bus_stop_10;bus_stop_2
p@req-52-9983238121_2@bus_stop_10@bus_stop_2;2.7058;2.795844;0.090044;bus_stop_10;bus_stop_2
p@req-52-9983238121_2@bus_stop_10@bus_stop_2;2.7058;2.795844;0.090044;bus_stop_10;bus_stop_2
p@req-59-12146760_1@bus_stop_2@bus_stop_10;2.7084;2.798444;0.090044;bus_stop_2;bus_stop_10
p@req-99-10915667292_3@bus_stop_15@bus_stop_4;2.7983;2.808305;0.010005;bus_stop_15;bus_stop_4
p@req-52-1371510515_2@bus_stop_10@bus_stop_5;2.8037;2.813705;0.010005;bus_stop_10;bus_stop_5
p@req-52-1371510515_2@bus_stop_10@bus_stop_5;2.8037;2.813705;0.010005;bus_stop_10;bus_stop_5
p@req-52-1371509882_2@bus_stop_10@bus_stop_5;2.8038;2.813805;0.010005;bus_stop_10;bus_stop_5
p@req-52-1371509882_2@bus_stop_10@bus_stop_5;2.8038;2.813805;0.010005;bus_stop_10;bus_stop_5
p@req-46-12146767_3@bus_stop_5@bus_stop_10;2.8059;2.815905;0.010005;bus_stop_5;bus_stop_10
p@req-46-12146767_3@bus_stop_5@bus_stop_10;2.8059;2.815905;0.010005;bus_stop_5;bus_stop_10
p@req-57-12146767_1@bus_stop_5@bus_stop_10;2.806;2.816005;0.010005;bus_stop_5;bus_stop_10
p@req-57-12146767_1@bus_stop_5@bus_stop_10;2.806;2.816005;0.010005;bus_stop_5;bus_stop_10
p@req-59-1371510111_1@bus_stop_5@bus_stop_10;2.8061;2.816105;0.010005;bus_stop_5;bus_stop_10
p@req-99-10915667292_3@bus_stop_8@bus_stop_4;2.7983;2.83832;0.04002;bus_stop_8;bus_stop_4
p@req-46-12146767_3@bus_stop_2@bus_stop_10;2.8059;2.895944;0.090044;bus_stop_2;bus_stop_10
p@req-57-12146767_1@bus_stop_2@bus_stop_10;2.806;2.896044;0.090044;bus_stop_2;bus_stop_10
p@req-59-1371509982_1@bus_stop_2@bus_stop_10;2.8086;2.898644;0.090044;bus_stop_2;bus_stop_10
p@req-97-10915667342_3@bus_stop_13@bus_stop_15;2.8686;2.918625;0.050025;bus_stop_13;bus_stop_15
p@req-59-1371510128_1@bus_stop_5@bus_stop_10;2.9087;2.918705;0.010005;bus_stop_5;bus_stop_10
p@req-59-12146767_1@bus_stop_5@bus_stop_10;2.9088;2.918805;0.010005;bus_stop_5;bus_stop_10
p@req-59-12146767_1@bus_stop_5@bus_stop_10;2.9088;2.918805;0.010005;bus_stop_5;bus_stop_10
p@req-97-10915667342_3@bus_stop_9@bus_stop_15;2.8686;2.938634;0.070034;bus_stop_9;bus_stop_15
p@req-59-12146767_1@bus_stop_2@bus_stop_10;2.9088;2.998844;0.090044;bus_stop_2;bus_stop_10
p@req-52-12146767_3@bus_stop_5@bus_stop_10;3.0059;3.015905;0.010005;bus_stop_5;bus_stop_10
p@req-52-12146767_3@bus_stop_5@bus_stop_10;3.0059;3.015905;0.010005;bus_stop_5;bus_stop_10
p@req-71-12146767_1@bus_stop_5@bus_stop_10;3.009;3.019005;0.010005;bus_stop_5;bus_stop_10
p@req-71-12146767_1@bus_stop_5@bus_stop_10;3.009;3.019005;0.010005;bus_stop_5;bus_stop_10
p@req-71-1371510128_1@bus_stop_5@bus_stop_10;3.0091;3.019105;0.010005;bus_stop_5;bus_stop_10
p@req-71-1371510111_1@bus_stop_5@bus_stop_10;3.0093;3.019305;0.010005;bus_stop_5;bus_stop_10
p@req-52-12146767_3@bus_stop_2@bus_stop_10;3.0059;3.095944;0.090044;bus_stop_2;bus_stop_10
p@req-57-9983238121_2@bus_stop_10@bus_stop_2;3.0062;3.096244;0.090044;bus_stop_10;bus_stop_2
p@req-57-9983238121_2@bus_stop_10@bus_stop_2;3.0062;3.096244;0.090044;bus_stop_10;bus_stop_2
p@req-57-9983238121_2@bus_stop_10@bus_stop_2;3.0062;3.096244;0.090044;bus_stop_10;bus_stop_2
p@req-71-12146760_1@bus_stop_2@bus_stop_10;3.0089;3.098944;0.090044;bus_stop_2;bus_stop_10
p@req-71-12146767_1@bus_stop_2@bus_stop_10;3.009;3.099044;0.090044;bus_stop_2;bus_stop_10
p@req-71-1371509982_1@bus_stop_2@bus_stop_10;3.0092;3.099244;0.090044;bus_stop_2;bus_stop_10
p@req-59-9983238121_2@bus_stop_10@bus_stop_2;3.1063;3.196344;0.090044;bus_stop_10;bus_stop_2
p@req-59-9983238121_2@bus_stop_10@bus_stop_2;3.1063;3.196344;0.090044;bus_stop_10;bus_stop_2
p@req-59-9983238121_2@bus_stop_10@bus_stop_2;3.1063;3.196344;0.090044;bus_stop_10;bus_stop_2
p@req-59-1371510515_2@bus_stop_10@bus_stop_5;3.2039;3.213905;0.010005;bus_stop_10;bus_stop_5
p@req-59-1371510515_2@bus_stop_10@bus_stop_5;3.2039;3.213905;0.010005;bus_stop_10;bus_stop_5
p@req-59-1371509882_2@bus_stop_10@bus_stop_5;3.204;3.214005;0.010005;bus_stop_10;bus_stop_5
p@req-59-1371509882_2@bus_stop_10@bus_stop_5;3.204;3.214005;0.010005;bus_stop_10;bus_stop_5
p@req-73-1432574919_1@bus_stop_5@bus_stop_0;3.2041;3.22411;0.02001;bus_stop_5;bus_stop_0
p@req-73-1432574901_1@bus_stop_0@bus_stop_5;3.2042;3.22421;0.02001;bus_stop_0;bus_stop_5
p@req-73-1432574901_1@bus_stop_1@bus_stop_5;3.2042;3.294244;0.090044;bus_stop_1;bus_stop_5
p@req-57-1371509982_3@bus_stop_2@bus_stop_10;3.206;3.296044;0.090044;bus_stop_2;bus_stop_10
p@req-71-1371510515_2@bus_stop_10@bus_stop_5;3.3052;3.315205;0.010005;bus_stop_10;bus_stop_5
p@req-71-1371510515_2@bus_stop_10@bus_stop_5;3.3052;3.315205;0.010005;bus_stop_10;bus_stop_5
p@req-75-1432574941_1@bus_stop_5@bus_stop_0;3.3043;3.32431;0.02001;bus_stop_5;bus_stop_0
p@req-78-10915667416_1@bus_stop_2@bus_stop_1;3.3053;3.335315;0.030015;bus_stop_2;bus_stop_1
p@req-75-1432574941_1@bus_stop_1@bus_stop_0;3.3043;3.374334;0.070034;bus_stop_1;bus_stop_0
p@req-78-10915667416_1@bus_stop_0@bus_stop_1;3.3053;3.375334;0.070034;bus_stop_0;bus_stop_1
p@req-75-10915667490_1@bus_stop_5@bus_stop_1;3.3044;3.394444;0.090044;bus_stop_5;bus_stop_1
p@req-78-10915667416_1@bus_stop_5@bus_stop_1;3.3053;3.395344;0.090044;bus_stop_5;bus_stop_1
p@req-71-9983238121_2@bus_stop_10@bus_stop_2;3.3061;3.396144;0.090044;bus_stop_10;bus_stop_2
p@req-71-9983238121_2@bus_stop_10@bus_stop_2;3.3061;3.396144;0.090044;bus_stop_10;bus_stop_2
p@req-71-9983238121_2@bus_stop_10@bus_stop_2;3.3061;3.396144;0.090044;bus_stop_10;bus_stop_2
p@req-79-2447667809_1@bus_stop_15@bus_stop_10;3.3064;3.396444;0.090044;bus_stop_15;bus_stop_10
p@req-79-2447667809_1@bus_stop_2@bus_stop_10;3.3064;3.396444;0.090044;bus_stop_2;bus_stop_10
p@req-79-12146756_1@bus_stop_2@bus_stop_10;3.3094;3.399444;0.090044;bus_stop_2;bus_stop_10
p@req-71-1371509882_2@bus_stop_10@bus_stop_5;3.4043;3.414305;0.010005;bus_stop_10;bus_stop_5
p@req-71-1371509882_2@bus_stop_10@bus_stop_5;3.4043;3.414305;0.010005;bus_stop_10;bus_stop_5
p@req-75-1371509882_1@bus_stop_10@bus_stop_5;3.4055;3.415505;0.010005;bus_stop_10;bus_stop_5
p@req-75-1371509882_1@bus_stop_10@bus_stop_5;3.4055;3.415505;0.010005;bus_stop_10;bus_stop_5
p@req-59-12146767_3@bus_stop_5@bus_stop_10;3.4061;3.416105;0.010005;bus_stop_5;bus_stop_10
p@req-59-12146767_3@bus_stop_5@bus_stop_10;3.4061;3.416105;0.010005;bus_stop_5;bus_stop_10
p@req-73-1432574918_2@bus_stop_0@bus_stop_5;3.4053;3.42531;0.02001;bus_stop_0;bus_stop_5
p@req-75-1432574918_1@bus_stop_0@bus_stop_5;3.4054;3.42541;0.02001;bus_stop_0;bus_stop_5
p@req-59-12146767_3@bus_stop_2@bus_stop_10;3.4061;3.496144;0.090044;bus_stop_2;bus_stop_10
p@req-78-1432574919_1@bus_stop_5@bus_stop_0;3.5056;3.52561;0.02001;bus_stop_5;bus_stop_0
p@req-79-9143229520_2@bus_stop_10@bus_stop_15;3.5062;3.596244;0.090044;bus_stop_10;bus_stop_15
p@req-79-9279408578_2@bus_stop_10@bus_stop_2;3.5065;3.596544;0.090044;bus_stop_10;bus_stop_2
p@req-83-12146760_1@bus_stop_2@bus_stop_10;3.5066;3.596644;0.090044;bus_stop_2;bus_stop_10
p@req-83-1371509982_1@bus_stop_2@bus_stop_10;3.5095;3.599544;0.090044;bus_stop_2;bus_stop_10
p@req-71-12146767_3@bus_stop_5@bus_stop_10;3.6062;3.616205;0.010005;bus_stop_5;bus_stop_10
p@req-71-12146767_3@bus_stop_5@bus_stop_10;3.6062;3.616205;0.010005;bus_stop_5;bus_stop_10
p@req-73-1432574919_3@bus_stop_5@bus_stop_0;3.6044;3.62441;0.02001;bus_stop_5;bus_stop_0
p@req-75-1432574901_2@bus_stop_0@bus_stop_5;3.6054;3.62541;0.02001;bus_stop_0;bus_stop_5
p@req-75-1432574919_2@bus_stop_5@bus_stop_0;3.6055;3.62551;0.02001;bus_stop_5;bus_stop_0
p@req-78-1432574901_1@bus_stop_0@bus_stop_5;3.6056;3.62561;0.02001;bus_stop_0;bus_stop_5
p@req-75-1432574901_2@bus_stop_1@bus_stop_5;3.6054;3.695444;0.090044;bus_stop_1;bus_stop_5
p@req-78-1432574901_1@bus_stop_1@bus_stop_5;3.6056;3.695644;0.090044;bus_stop_1;bus_stop_5
p@req-71-12146767_3@bus_stop_2@bus_stop_10;3.6062;3.696244;0.090044;bus_stop_2;bus_stop_10
p@req-85-9983238121_1@bus_stop_10@bus_stop_2;3.6096;3.699644;0.090044;bus_stop_10;bus_stop_2
p@req-85-9983238121_1@bus_stop_10@bus_stop_2;3.6096;3.699644;0.090044;bus_stop_10;bus_stop_2
p@req-85-9983238121_1@bus_stop_10@bus_stop_2;3.6096;3.699644;0.090044;bus_stop_10;bus_stop_2
p@req-79-2447667809_3@bus_stop_15@bus_stop_10;3.7067;3.796744;0.090044;bus_stop_15;bus_stop_10
p@req-79-2447667809_3@bus_stop_2@bus_stop_10;3.7067;3.796744;0.090044;bus_stop_2;bus_stop_10
p@req-75-1432574918_3@bus_stop_0@bus_stop_5;3.8041;3.82411;0.02001;bus_stop_0;bus_stop_5
p@req-78-1432574941_2@bus_stop_5@bus_stop_0;3.8045;3.82451;0.02001;bus_stop_5;bus_stop_0
p@req-78-1432574918_2@bus_stop_0@bus_stop_5;3.8056;3.82561;0.02001;bus_stop_0;bus_stop_5
p@req-78-1432574941_2@bus_stop_1@bus_stop_0;3.8045;3.874534;0.070034;bus_stop_1;bus_stop_0
p@req-78-10915667490_2@bus_stop_5@bus_stop_1;3.8046;3.894644;0.090044;bus_stop_5;bus_stop_1
p@req-83-1371510128_1@bus_stop_5@bus_stop_10;3.9063;3.916305;0.010005;bus_stop_5;bus_stop_10
p@req-83-12146767_1@bus_stop_5@bus_stop_10;3.9064;3.916405;0.010005;bus_stop_5;bus_stop_10
p@req-83-12146767_1@bus_stop_5@bus_stop_10;3.9064;3.916405;0.010005;bus_stop_5;bus_stop_10
p@req-83-1371510111_1@bus_stop_5@bus_stop_10;3.9065;3.916505;0.010005;bus_stop_5;bus_stop_10
p@req-83-12146767_1@bus_stop_2@bus_stop_10;3.9064;3.996444;0.090044;bus_stop_2;bus_stop_10
p@req-86-9983238121_1@bus_stop_10@bus_stop_2;3.9096;3.999644;0.090044;bus_stop_10;bus_stop_2
p@req-86-9983238121_1@bus_stop_10@bus_stop_2;3.9096;3.999644;0.090044;bus_stop_10;bus_stop_2
p@req-86-9983238121_1@bus_stop_10@bus_stop_2;3.9096;3.999644;0.090044;bus_stop_10;bus_stop_2
p@req-78-1432574901_3@bus_stop_0@bus_stop_5;4.0048;4.02481;0.02001;bus_stop_0;bus_stop_5
p@req-78-1432574901_3@bus_stop_1@bus_stop_5;4.0048;4.094844;0.090044;bus_stop_1;bus_stop_5
p@req-87-9983238121_1@bus_stop_10@bus_stop_2;4.0098;4.099844;0.090044;bus_stop_10;bus_stop_2
p@req-87-9983238121_1@bus_stop_10@bus_stop_2;4.0098;4.099844;0.090044;bus_stop_10;bus_stop_2
p@req-87-9983238121_1@bus_stop_10@bus_stop_2;4.0098;4.099844;0.090044;bus_stop_10;bus_stop_2
p@req-85-1371509882_1@bus_stop_10@bus_stop_5;4.105;4.115005;0.010005;bus_stop_10;bus_stop_5
p@req-85-1371509882_1@bus_stop_10@bus_stop_5;4.105;4.115005;0.010005;bus_stop_10;bus_stop_5
p@req-85-1371510515_1@bus_stop_10@bus_stop_5;4.1051;4.115105;0.010005;bus_stop_10;bus_stop_5
p@req-85-1371510515_1@bus_stop_10@bus_stop_5;4.1051;4.115105;0.010005;bus_stop_10;bus_stop_5
p@req-83-9983238121_2@bus_stop_10@bus_stop_2;4.107;4.197044;0.090044;bus_stop_10;bus_stop_2
p@req-83-9983238121_2@bus_stop_10@bus_stop_2;4.107;4.197044;0.090044;bus_stop_10;bus_stop_2
p@req-83-9983238121_2@bus_stop_10@bus_stop_2;4.107;4.197044;0.090044;bus_stop_10;bus_stop_2
p@req-83-1371510515_2@bus_stop_10@bus_stop_5;4.2045;4.214505;0.010005;bus_stop_10;bus_stop_5
p@req-83-1371510515_2@bus_stop_10@bus_stop_5;4.2045;4.214505;0.010005;bus_stop_10;bus_stop_5
p@req-83-1371509882_2@bus_stop_10@bus_stop_5;4.2046;4.214605;0.010005;bus_stop_10;bus_stop_5
p@req-83-1371509882_2@bus_stop_10@bus_stop_5;4.2046;4.214605;0.010005;bus_stop_10;bus_stop_5
p@req-86-1371509882_1@bus_stop_10@bus_stop_5;4.2063;4.216305;0.010005;bus_stop_10;bus_stop_5
p@req-86-1371509882_1@bus_stop_10@bus_stop_5;4.2063;4.216305;0.010005;bus_stop_10;bus_stop_5
p@req-86-1371510515_1@bus_stop_10@bus_stop_5;4.2064;4.216405;0.010005;bus_stop_10;bus_stop_5
p@req-86-1371510515_1@bus_stop_10@bus_stop_5;4.2064;4.216405;0.010005;bus_stop_10;bus_stop_5
p@req-86-1371510111_1@bus_stop_5@bus_stop_10;4.2069;4.216905;0.010005;bus_stop_5;bus_stop_10
p@req-86-1432574918_1@bus_stop_0@bus_stop_5;4.2062;4.22621;0.02001;bus_stop_0;bus_stop_5
p@req-93-12146760_1@bus_stop_2@bus_stop_10;4.21;4.300044;0.090044;bus_stop_2;bus_stop_10
p@req-85-12146767_2@bus_stop_5@bus_stop_10;4.3071;4.317105;0.010005;bus_stop_5;bus_stop_10
p@req-85-12146767_2@bus_stop_5@bus_stop_10;4.3071;4.317105;0.010005;bus_stop_5;bus_stop_10
p@req-85-1371510128_2@bus_stop_5@bus_stop_10;4.3072;4.317205;0.010005;bus_stop_5;bus_stop_10
p@req-85-12146767_2@bus_stop_2@bus_stop_10;4.3071;4.397144;0.090044;bus_stop_2;bus_stop_10
p@req-93-1371509982_1@bus_stop_2@bus_stop_10;4.3101;4.400144;0.090044;bus_stop_2;bus_stop_10
p@req-93-12146756_1@bus_stop_2@bus_stop_10;4.3102;4.400244;0.090044;bus_stop_2;bus_stop_10
p@req-93-9983238121_1@bus_stop_10@bus_stop_2;4.3103;4.400344;0.090044;bus_stop_10;bus_stop_2
p@req-93-9983238121_1@bus_stop_10@bus_stop_2;4.3103;4.400344;0.090044;bus_stop_10;bus_stop_2
p@req-93-9983238121_1@bus_stop_10@bus_stop_2;4.3103;4.400344;0.090044;bus_stop_10;bus_stop_2
p@req-83-12146767_3@bus_stop_5@bus_stop_10;4.4074;4.417405;0.010005;bus_stop_5;bus_stop_10
p@req-83-12146767_3@bus_stop_5@bus_stop_10;4.4074;4.417405;0.010005;bus_stop_5;bus_stop_10
p@req-83-12146767_3@bus_stop_2@bus_stop_10;4.4074;4.497444;0.090044;bus_stop_2;bus_stop_10
p@req-87-1371510515_1@bus_stop_10@bus_stop_5;4.5063;4.516305;0.010005;bus_stop_10;bus_stop_5
p@req-87-1371510515_1@bus_stop_10@bus_stop_5;4.5063;4.516305;0.010005;bus_stop_10;bus_stop_5
p@req-86-12146767_2@bus_stop_5@bus_stop_10;4.5076;4.517605;0.010005;bus_stop_5;bus_stop_10
p@req-86-12146767_2@bus_stop_5@bus_stop_10;4.5076;4.517605;0.010005;bus_stop_5;bus_stop_10
p@req-86-1371510111_2@bus_stop_5@bus_stop_10;4.5077;4.517705;0.010005;bus_stop_5;bus_stop_10
p@req-86-12146767_2@bus_stop_2@bus_stop_10;4.5076;4.597644;0.090044;bus_stop_2;bus_stop_10
p@req-96-2447667809_1@bus_stop_15@bus_stop_10;4.5078;4.597844;0.090044;bus_stop_15;bus_stop_10
p@req-96-2447667809_1@bus_stop_2@bus_stop_10;4.5078;4.597844;0.090044;bus_stop_2;bus_stop_10
p@req-96-12146756_1@bus_stop_2@bus_stop_10;4.5079;4.597944;0.090044;bus_stop_2;bus_stop_10
p@req-93-12146760_2@bus_stop_2@bus_stop_10;4.5106;4.600644;0.090044;bus_stop_2;bus_stop_10
p@req-85-1371510515_3@bus_stop_10@bus_stop_5;4.6051;4.615105;0.010005;bus_stop_10;bus_stop_5
p@req-85-1371510515_3@bus_stop_10@bus_stop_5;4.6051;4.615105;0.010005;bus_stop_10;bus_stop_5
p@req-87-1371509882_1@bus_stop_10@bus_stop_5;4.6057;4.615705;0.010005;bus_stop_10;bus_stop_5
p@req-87-1371509882_1@bus_stop_10@bus_stop_5;4.6057;4.615705;0.010005;bus_stop_10;bus_stop_5
p@req-87-1371510111_1@bus_stop_5@bus_stop_10;4.6077;4.617705;0.010005;bus_stop_5;bus_stop_10
p@req-87-1432574918_1@bus_stop_0@bus_stop_5;4.6058;4.62581;0.02001;bus_stop_0;bus_stop_5
p@req-86-1371509882_3@bus_stop_10@bus_stop_5;4.706;4.716005;0.010005;bus_stop_10;bus_stop_5
p@req-86-1371509882_3@bus_stop_10@bus_stop_5;4.706;4.716005;0.010005;bus_stop_10;bus_stop_5
p@req-92-1432574941_1@bus_stop_5@bus_stop_0;4.7061;4.72611;0.02001;bus_stop_5;bus_stop_0
p@req-92-1432574941_1@bus_stop_1@bus_stop_0;4.7061;4.776134;0.070034;bus_stop_1;bus_stop_0
p@req-92-10915667490_1@bus_stop_5@bus_stop_1;4.7062;4.796244;0.090044;bus_stop_5;bus_stop_1
p@req-96-9143229520_2@bus_stop_10@bus_stop_15;4.7106;4.800644;0.090044;bus_stop_10;bus_stop_15
p@req-87-12146767_2@bus_stop_5@bus_stop_10;4.8062;4.816205;0.010005;bus_stop_5;bus_stop_10
p@req-87-12146767_2@bus_stop_5@bus_stop_10;4.8062;4.816205;0.010005;bus_stop_5;bus_stop_10
p@req-87-1371510111_2@bus_stop_5@bus_stop_10;4.8063;4.816305;0.010005;bus_stop_5;bus_stop_10
p@req-92-1371509882_1@bus_stop_10@bus_stop_5;4.8072;4.817205;0.010005;bus_stop_10;bus_stop_5
p@req-92-1371509882_1@bus_stop_10@bus_stop_5;4.8072;4.817205;0.010005;bus_stop_10;bus_stop_5
p@req-92-1432574918_1@bus_stop_0@bus_stop_5;4.8071;4.82711;0.02001;bus_stop_0;bus_stop_5
p@req-96-9279408578_2@bus_stop_10@bus_stop_2;4.7979;4.887944;0.090044;bus_stop_10;bus_stop_2
p@req-87-12146767_2@bus_stop_2@bus_stop_10;4.8062;4.896244;0.090044;bus_stop_2;bus_stop_10
p@req-93-12146767_1@bus_stop_5@bus_stop_10;4.9074;4.917405;0.010005;bus_stop_5;bus_stop_10
p@req-93-12146767_1@bus_stop_5@bus_stop_10;4.9074;4.917405;0.010005;bus_stop_5;bus_stop_10
p@req-93-12146767_1@bus_stop_2@bus_stop_10;4.9074;4.997444;0.090044;bus_stop_2;bus_stop_10
p@req-87-1371509882_3@bus_stop_10@bus_stop_5;4.9964;5.006405;0.010005;bus_stop_10;bus_stop_5
p@req-87-1371509882_3@bus_stop_10@bus_stop_5;4.9964;5.006405;0.010005;bus_stop_10;bus_stop_5
p@req-92-1432574901_2@bus_stop_0@bus_stop_5;5.0056;5.02561;0.02001;bus_stop_0;bus_stop_5
p@req-92-1432574919_2@bus_stop_5@bus_stop_0;5.0057;5.02571;0.02001;bus_stop_5;bus_stop_0
p@req-96-2447667809_3@bus_stop_15@bus_stop_10;4.9881;5.078144;0.090044;bus_stop_15;bus_stop_10
p@req-96-2447667809_3@bus_stop_2@bus_stop_10;4.9881;5.078144;0.090044;bus_stop_2;bus_stop_10
p@req-92-1432574901_2@bus_stop_1@bus_stop_5;5.0056;5.095644;0.090044;bus_stop_1;bus_stop_5
p@req-93-9983238121_2@bus_stop_10@bus_stop_2;5.0976;5.187644;0.090044;bus_stop_10;bus_stop_2
p@req-93-9983238121_2@bus_stop_10@bus_stop_2;5.0976;5.187644;0.090044;bus_stop_10;bus_stop_2
p@req-93-9983238121_2@bus_stop_10@bus_stop_2;5.0976;5.187644;0.090044;bus_stop_10;bus_stop_2
p@req-92-1432574918_3@bus_stop_0@bus_stop_5;5.1958;5.21581;0.02001;bus_stop_0;bus_stop_5
p@req-93-1371509982_3@bus_stop_2@bus_stop_10;5.2878;5.377844;0.090044;bus_stop_2;bus_stop_10
